2.579563648976118 0.0 1.0 1.0 1.0 0.0 0.0 0.0 5.0 12.0 9.0 2.0 1.0 0.0 4.0 100000.0 1.0 4.0 4.0 4.0 1000.0 0.0 14.0 14.0 0.0 0.0 0.0 0.0 0.0 0.0 1.0 0.0 0.0 1.0 25.0 3.0
1.5490848383575935 0.0 1.0 1.0 1.0 0.0 6.0 0.0 5.0 12.0 9.0 1.0 1.0 0.0 2.0 2.0 19.0 2.0 1.0 2.0 1000.0 0.0 3.0 3.0 11.0 0.0 0.0 0.0 0.0 0.0 0.0 0.0 0.0 1.0 25.0 3.0
0.38046519816426455 0.0 1.0 1.0 1.0 0.0 6.0 0.0 5.0 12.0 9.0 1.0 1.0 0.0 15.0 100000.0 4.0 2.0 0.0 14.0 0.0 0.0 5.0 5.0 9.0 0.0 0.0 0.0 0.0 0.0 0.0 0.0 0.0 1.0 25.0 3.0
0.3590963474158396 0.0 1.0 1.0 1.0 0.0 6.0 0.0 5.0 12.0 9.0 1.0 1.0 0.0 6.0 5.0 39.0 1.0 0.0 4.0 0.0 0.0 4.0 4.0 10.0 0.0 0.0 0.0 0.0 0.0 0.0 0.0 0.0 1.0 25.0 3.0
-1.012145014954441 0.0 1.0 1.0 1.0 0.0 0.0 0.0 5.0 12.0 9.0 2.0 1.0 0.0 0.0 100000.0 100000.0 0.0 0.0 0.0 500.0 0.0 13.0 13.0 2.0 0.0 0.0 0.0 0.0 0.0 1.0 0.0 0.0 1.0 25.0 3.0
1.7006935789540074 1.0 1.0 1.0 1.0 0.0 6.0 0.0 5.0 3.0 9.0 1.0 1.0 0.0 4.0 100000.0 9.0 2.0 0.0 0.0 0.0 37.0 8.0 7.0 0.0 0.0 0.0 0.0 0.0 0.0 0.0 0.0 0.0 1.0 5.0 5.0
-1.3743153645453994 1.0 1.0 1.0 1.0 0.0 6.0 0.0 5.0 3.0 9.0 1.0 1.0 0.0 0.0 100000.0 100000.0 0.0 0.0 0.0 0.0 38.0 7.0 6.0 1.0 0.0 0.0 0.0 0.0 0.0 0.0 0.0 0.0 1.0 5.0 5.0
-2.2083457259749677 1.0 1.0 1.0 1.0 0.0 6.0 0.0 5.0 3.0 9.0 1.0 1.0 0.0 0.0 100000.0 100000.0 0.0 0.0 0.0 0.0 35.0 10.0 9.0 2.0 0.0 0.0 0.0 0.0 0.0 0.0 0.0 0.0 1.0 5.0 5.0
-4.272154853170358 1.0 0.0 1.0 1.0 0.0 0.0 0.0 5.0 12.0 9.0 3.0 1.0 0.0 16.0 7.0 9.0 8.0 1.0 0.0 0.0 35.0 8.0 7.0 3.0 0.0 0.0 0.0 1.0 0.0 1.0 0.0 0.0 1.0 5.0 5.0
-2.235056787872469 1.0 1.0 1.0 1.0 0.0 6.0 0.0 5.0 4.0 9.0 1.0 1.0 0.0 0.0 100000.0 100000.0 0.0 0.0 0.0 0.0 5.0 10.0 9.0 4.0 0.0 0.0 0.0 0.0 0.0 0.0 0.0 0.0 1.0 5.0 5.0
3.676972501698482 2.0 1.0 0.0 0.0 0.0 2.0 1.0 1.0 18.0 1.0 1.0 -1000.0 0.0 193.0 1.0 0.0 16.0 11.0 182.0 1000.0 50.0 4.0 2.0 1.0 0.0 1.0 0.0 0.0 0.0 0.0 0.0 0.0 0.0 5.0 3.0
-3.2549819391178674 2.0 1.0 0.0 0.0 0.0 7.0 1.0 1.0 3.0 8.0 1.0 -1000.0 0.0 0.0 100000.0 100000.0 0.0 0.0 0.0 500.0 41.0 11.0 9.0 2.0 0.0 0.0 0.0 0.0 0.0 0.0 0.0 1.0 0.0 5.0 3.0
-5.431987107794793 2.0 1.0 0.0 0.0 0.0 2.0 0.0 1.0 0.0 0.0 2.0 -1000.0 0.0 1.0 100000.0 2539.0 0.0 0.0 0.0 0.0 -8.0 62.0 60.0 0.0 1.0 1.0 0.0 0.0 0.0 0.0 0.0 0.0 0.0 5.0 3.0
-6.873000290576932 2.0 1.0 0.0 0.0 0.0 2.0 0.0 1.0 0.0 0.0 2.0 -1000.0 0.0 2.0 100000.0 1658.0 0.0 0.0 0.0 0.0 8.0 22.0 20.0 3.0 1.0 1.0 0.0 0.0 0.0 0.0 0.0 0.0 0.0 5.0 3.0
-8.07054199051877 2.0 1.0 0.0 0.0 0.0 6.0 0.0 1.0 0.0 3.0 1.0 -1000.0 0.0 0.0 100000.0 100000.0 0.0 0.0 0.0 0.0 19.0 9.0 7.0 6.0 0.0 0.0 0.0 1.0 0.0 0.0 0.0 0.0 0.0 5.0 3.0
3.210986080699914 3.0 1.0 0.0 0.0 0.0 9.0 0.0 1.0 16.0 4.0 1.0 -1000.0 0.0 98.0 3.0 3.0 17.0 1.0 86.0 1000.0 59.0 4.0 1.0 0.0 0.0 0.0 0.0 0.0 1.0 0.0 0.0 0.0 0.0 9.0 2.0
-0.9626753764345912 3.0 1.0 0.0 0.0 0.0 9.0 0.0 1.0 16.0 4.0 1.0 -1000.0 0.0 2.0 270.0 27.0 1.0 0.0 0.0 1000.0 57.0 4.0 1.0 1.0 0.0 0.0 0.0 0.0 1.0 0.0 0.0 0.0 0.0 9.0 2.0
-4.259758970508703 3.0 1.0 0.0 0.0 0.0 2.0 0.0 1.0 11.0 3.0 2.0 -1000.0 0.0 3.0 29.0 100000.0 1.0 0.0 0.0 0.0 55.0 8.0 5.0 2.0 0.0 1.0 0.0 1.0 0.0 0.0 0.0 0.0 0.0 9.0 2.0
-6.369807448333874 3.0 1.0 0.0 0.0 0.0 6.0 0.0 1.0 0.0 3.0 1.0 -1000.0 0.0 0.0 100000.0 100000.0 0.0 0.0 0.0 500.0 60.0 9.0 6.0 13.0 0.0 0.0 0.0 1.0 0.0 0.0 0.0 0.0 0.0 9.0 2.0
-5.76782022480822 3.0 1.0 0.0 0.0 0.0 7.0 1.0 1.0 4.0 8.0 1.0 -1000.0 0.0 0.0 100000.0 100000.0 0.0 0.0 0.0 0.0 48.0 13.0 10.0 23.0 0.0 0.0 0.0 0.0 0.0 0.0 0.0 1.0 0.0 9.0 2.0
4.986132934111297 2.0 1.0 1.0 1.0 0.0 1.0 0.0 2.0 11.0 9.0 4.0 20.0 0.0 38.0 17.0 6.0 6.0 1.0 1.0 1000.0 47.0 7.0 5.0 0.0 1.0 1.0 0.0 1.0 0.0 0.0 0.0 0.0 1.0 32.0 8.0
-2.5265121461138014 2.0 1.0 0.0 0.0 0.0 6.0 2.0 2.0 1.0 9.0 1.0 12.0 0.0 0.0 100000.0 100000.0 0.0 0.0 0.0 500.0 34.0 25.0 23.0 1.0 0.0 0.0 0.0 0.0 0.0 0.0 0.0 0.0 1.0 32.0 8.0
-4.74058296424913 2.0 1.0 0.0 0.0 0.0 6.0 2.0 2.0 1.0 9.0 1.0 12.0 0.0 0.0 100000.0 100000.0 0.0 0.0 0.0 400.0 27.0 32.0 30.0 2.0 0.0 0.0 0.0 0.0 0.0 0.0 0.0 0.0 1.0 32.0 8.0
-1.3452815810556926 2.0 1.0 0.0 0.0 0.0 2.0 1.0 2.0 18.0 1.0 1.0 -1000.0 0.0 3.0 100000.0 1.0 3.0 0.0 0.0 1000.0 40.0 14.0 12.0 85.0 0.0 1.0 0.0 0.0 0.0 0.0 0.0 0.0 0.0 32.0 8.0
-1.9029572856115535 2.0 1.0 0.0 0.0 0.0 2.0 1.0 2.0 18.0 1.0 1.0 -1000.0 0.0 1.0 100000.0 533.0 0.0 0.0 0.0 1000.0 45.0 7.0 5.0 87.0 0.0 1.0 0.0 0.0 0.0 0.0 0.0 0.0 0.0 32.0 8.0
3.1549104697954085 0.0 1.0 1.0 1.0 0.0 0.0 1.0 7.0 0.0 9.0 2.0 1.0 0.0 1.0 100000.0 100.0 0.0 1.0 1.0 500.0 0.0 8.0 8.0 6.0 0.0 1.0 0.0 0.0 0.0 0.0 0.0 0.0 1.0 3.0 18.0
1.258157391768151 0.0 1.0 1.0 1.0 0.0 0.0 1.0 7.0 12.0 9.0 1.0 1.0 0.0 3.0 100000.0 1.0 2.0 0.0 0.0 1000.0 0.0 5.0 5.0 3.0 0.0 0.0 0.0 0.0 0.0 0.0 0.0 0.0 1.0 3.0 18.0
0.6470595054862616 0.0 1.0 1.0 1.0 0.0 0.0 1.0 7.0 12.0 9.0 1.0 1.0 0.0 10.0 75.0 68.0 0.0 0.0 0.0 0.0 0.0 3.0 3.0 0.0 0.0 0.0 0.0 0.0 0.0 0.0 0.0 0.0 1.0 3.0 18.0
0.4476515939531665 0.0 1.0 1.0 1.0 0.0 0.0 1.0 7.0 12.0 9.0 1.0 1.0 0.0 1.0 100000.0 54.0 0.0 0.0 0.0 0.0 0.0 5.0 5.0 5.0 0.0 0.0 0.0 0.0 0.0 0.0 0.0 0.0 1.0 3.0 18.0
0.6993826196488476 0.0 1.0 1.0 1.0 0.0 0.0 1.0 7.0 0.0 9.0 1.0 1.0 0.0 2.0 100000.0 115.0 0.0 0.0 0.0 0.0 0.0 9.0 9.0 4.0 0.0 0.0 0.0 0.0 0.0 0.0 0.0 0.0 1.0 3.0 18.0
5.054893412847479 2.0 1.0 1.0 1.0 0.0 0.0 0.0 7.0 9.0 9.0 3.0 1.0 0.0 69.0 9.0 15.0 9.0 69.0 63.0 0.0 49.0 5.0 3.0 0.0 0.0 1.0 0.0 0.0 0.0 0.0 1.0 0.0 1.0 2.0 2.0
0.026363375319155686 2.0 1.0 1.0 1.0 0.0 0.0 0.0 7.0 9.0 9.0 2.0 1.0 0.0 0.0 100000.0 100000.0 0.0 0.0 0.0 500.0 45.0 9.0 7.0 4.0 0.0 0.0 0.0 0.0 0.0 0.0 1.0 0.0 1.0 2.0 2.0
-0.16421355150187128 2.0 1.0 1.0 1.0 0.0 0.0 0.0 7.0 9.0 9.0 2.0 1.0 0.0 0.0 100000.0 100000.0 0.0 0.0 0.0 0.0 50.0 4.0 2.0 1.0 0.0 0.0 0.0 0.0 0.0 0.0 1.0 0.0 1.0 2.0 2.0
-0.6897848908938795 2.0 1.0 1.0 1.0 0.0 0.0 0.0 7.0 9.0 9.0 2.0 1.0 0.0 0.0 100000.0 100000.0 0.0 0.0 0.0 0.0 48.0 6.0 4.0 2.0 0.0 0.0 0.0 0.0 0.0 0.0 1.0 0.0 1.0 2.0 2.0
-0.7262605646843122 2.0 1.0 1.0 1.0 0.0 0.0 0.0 7.0 9.0 9.0 2.0 1.0 0.0 0.0 100000.0 100000.0 0.0 0.0 0.0 0.0 47.0 13.0 11.0 3.0 0.0 0.0 0.0 0.0 0.0 0.0 1.0 0.0 1.0 2.0 2.0
2.2290000354092006 3.0 1.0 0.0 0.0 0.0 2.0 0.0 3.0 3.0 8.0 2.0 -1000.0 0.0 19.0 6.0 402.0 3.0 1.0 6.0 500.0 50.0 13.0 10.0 0.0 0.0 1.0 0.0 0.0 0.0 0.0 0.0 1.0 0.0 13.0 15.0
-4.261573869030494 3.0 1.0 0.0 0.0 0.0 7.0 0.0 3.0 3.0 8.0 1.0 -1000.0 0.0 0.0 100000.0 100000.0 0.0 0.0 0.0 0.0 56.0 7.0 4.0 1.0 0.0 0.0 0.0 0.0 0.0 0.0 0.0 1.0 0.0 13.0 15.0
-5.419243182647452 3.0 1.0 0.0 0.0 0.0 7.0 0.0 3.0 3.0 8.0 1.0 -1000.0 0.0 0.0 100000.0 100000.0 0.0 0.0 0.0 0.0 46.0 17.0 14.0 2.0 0.0 0.0 0.0 0.0 0.0 0.0 0.0 1.0 0.0 13.0 15.0
-8.143910257284189 3.0 0.0 0.0 0.0 0.0 2.0 1.0 3.0 18.0 1.0 1.0 -1000.0 0.0 4.0 582.0 100000.0 0.0 0.0 0.0 0.0 43.0 18.0 15.0 4.0 0.0 1.0 0.0 0.0 0.0 0.0 0.0 0.0 0.0 13.0 15.0
-7.979383324810353 3.0 0.0 0.0 0.0 0.0 2.0 1.0 3.0 18.0 1.0 1.0 -1000.0 0.0 14.0 149.0 697.0 0.0 0.0 0.0 0.0 46.0 15.0 12.0 3.0 0.0 1.0 0.0 0.0 0.0 0.0 0.0 0.0 0.0 13.0 15.0
4.225315091439405 2.0 1.0 1.0 1.0 0.0 0.0 0.0 7.0 1.0 9.0 3.0 1.0 0.0 17.0 20.0 6.0 2.0 16.0 16.0 0.0 50.0 4.0 2.0 0.0 0.0 1.0 0.0 0.0 0.0 0.0 1.0 0.0 1.0 2.0 4.0
-4.556074042227093 2.0 1.0 0.0 0.0 0.0 6.0 0.0 7.0 5.0 7.0 1.0 -1000.0 0.0 0.0 100000.0 100000.0 0.0 0.0 0.0 0.0 47.0 5.0 3.0 5.0 0.0 0.0 0.0 0.0 0.0 0.0 1.0 0.0 0.0 2.0 4.0
-3.310719905290083 2.0 1.0 0.0 0.0 0.0 2.0 0.0 7.0 9.0 7.0 2.0 -1000.0 0.0 25.0 320.0 100000.0 0.0 14.0 0.0 0.0 47.0 7.0 5.0 1.0 0.0 1.0 0.0 0.0 0.0 0.0 1.0 0.0 0.0 2.0 4.0
-4.518491111936993 2.0 1.0 0.0 0.0 0.0 6.0 0.0 7.0 1.0 7.0 1.0 -1000.0 0.0 1.0 1321.0 100000.0 0.0 0.0 0.0 0.0 51.0 3.0 1.0 2.0 0.0 0.0 0.0 0.0 0.0 0.0 1.0 0.0 0.0 2.0 4.0
-4.978021376037915 2.0 1.0 0.0 0.0 0.0 6.0 0.0 7.0 9.0 7.0 1.0 -1000.0 0.0 0.0 100000.0 100000.0 0.0 0.0 0.0 0.0 48.0 6.0 4.0 4.0 0.0 0.0 0.0 0.0 0.0 0.0 1.0 0.0 0.0 2.0 4.0
1.6847473060311522 3.0 1.0 1.0 1.0 0.0 0.0 0.0 7.0 1.0 9.0 1.0 1.0 0.0 1.0 141.0 100000.0 0.0 0.0 1.0 0.0 57.0 6.0 3.0 0.0 0.0 0.0 0.0 0.0 0.0 0.0 0.0 0.0 1.0 2.0 18.0
4.490128033139998 3.0 1.0 0.0 0.0 0.0 0.0 0.0 7.0 1.0 9.0 2.0 -4.0 0.0 18.0 1.0 61.0 2.0 15.0 18.0 1000.0 58.0 5.0 2.0 1.0 0.0 1.0 0.0 0.0 0.0 0.0 0.0 0.0 1.0 2.0 18.0
-1.8566653079638038 3.0 1.0 0.0 0.0 0.0 6.0 0.0 7.0 5.0 7.0 1.0 -1000.0 0.0 2.0 100000.0 1199.0 0.0 0.0 0.0 1000.0 56.0 5.0 2.0 5.0 0.0 0.0 0.0 0.0 0.0 0.0 1.0 0.0 0.0 2.0 18.0
-1.281518728400971 3.0 1.0 0.0 0.0 0.0 0.0 0.0 7.0 1.0 9.0 1.0 -4.0 0.0 0.0 100000.0 100000.0 0.0 0.0 0.0 500.0 53.0 10.0 7.0 2.0 0.0 0.0 0.0 0.0 0.0 0.0 0.0 0.0 1.0 2.0 18.0
-1.281518728400971 3.0 1.0 0.0 0.0 0.0 0.0 0.0 7.0 1.0 9.0 1.0 -4.0 0.0 0.0 100000.0 100000.0 0.0 0.0 0.0 500.0 53.0 10.0 7.0 3.0 0.0 0.0 0.0 0.0 0.0 0.0 0.0 0.0 1.0 2.0 18.0
4.995520810371466 0.0 1.0 1.0 1.0 0.0 1.0 0.0 2.0 11.0 9.0 3.0 22.0 0.0 20.0 4.0 2.0 7.0 1.0 5.0 0.0 0.0 5.0 5.0 0.0 1.0 1.0 0.0 0.0 0.0 0.0 0.0 0.0 1.0 13.0 5.0
3.236866332483824 0.0 1.0 0.0 0.0 0.0 1.0 0.0 2.0 11.0 9.0 3.0 2.0 0.0 42.0 0.0 1.0 9.0 11.0 5.0 1000.0 0.0 6.0 6.0 7.0 1.0 1.0 0.0 0.0 0.0 0.0 0.0 0.0 1.0 13.0 5.0
3.1774206812674057 0.0 1.0 0.0 0.0 0.0 2.0 1.0 2.0 3.0 9.0 2.0 1.0 0.0 14.0 43.0 216.0 0.0 10.0 6.0 1000.0 0.0 11.0 11.0 70.0 0.0 1.0 0.0 0.0 0.0 0.0 0.0 0.0 1.0 13.0 5.0
1.4381067042151268 0.0 1.0 0.0 0.0 0.0 2.0 1.0 2.0 18.0 1.0 1.0 -1000.0 0.0 35.0 3.0 382.0 2.0 1.0 10.0 1000.0 0.0 4.0 4.0 422.0 0.0 1.0 0.0 0.0 0.0 0.0 0.0 0.0 0.0 13.0 5.0
1.506007349366394 0.0 1.0 0.0 0.0 0.0 9.0 1.0 2.0 16.0 4.0 1.0 -1000.0 0.0 147.0 1.0 0.0 12.0 83.0 0.0 1000.0 0.0 3.0 3.0 374.0 0.0 0.0 0.0 0.0 1.0 0.0 0.0 0.0 0.0 13.0 5.0
4.580399627564028 1.0 1.0 0.0 0.0 0.0 2.0 1.0 1.0 4.0 8.0 2.0 -1000.0 0.0 32.0 8.0 12.0 11.0 20.0 31.0 500.0 36.0 9.0 8.0 15.0 0.0 1.0 0.0 0.0 0.0 0.0 0.0 1.0 0.0 9.0 3.0
-2.273631406619107 1.0 1.0 0.0 0.0 0.0 2.0 1.0 1.0 18.0 1.0 1.0 -1000.0 0.0 9.0 80.0 8.0 1.0 0.0 0.0 1000.0 42.0 3.0 2.0 17.0 0.0 1.0 0.0 0.0 0.0 0.0 0.0 0.0 0.0 9.0 3.0
-3.0170550910553477 1.0 1.0 0.0 0.0 0.0 2.0 1.0 1.0 2.0 0.0 2.0 -1000.0 0.0 10.0 121.0 100000.0 0.0 0.0 8.0 500.0 37.0 8.0 7.0 16.0 1.0 1.0 0.0 0.0 0.0 0.0 0.0 0.0 0.0 9.0 3.0
-3.1871128949295366 1.0 1.0 0.0 0.0 0.0 2.0 1.0 1.0 3.0 3.0 2.0 -1000.0 0.0 3.0 422.0 100000.0 0.0 0.0 1.0 500.0 35.0 10.0 9.0 18.0 0.0 1.0 0.0 1.0 0.0 0.0 0.0 0.0 0.0 9.0 3.0
-3.215302412825331 1.0 1.0 0.0 0.0 0.0 7.0 1.0 1.0 4.0 8.0 1.0 -1000.0 0.0 0.0 100000.0 100000.0 0.0 0.0 0.0 500.0 36.0 9.0 8.0 65.0 0.0 0.0 0.0 0.0 0.0 0.0 0.0 1.0 0.0 9.0 3.0
1.8120635934979903 2.0 1.0 0.0 0.0 0.0 2.0 1.0 3.0 18.0 4.0 2.0 -1000.0 0.0 8.0 44.0 53.0 0.0 3.0 6.0 0.0 51.0 3.0 1.0 0.0 0.0 1.0 0.0 0.0 1.0 0.0 0.0 0.0 0.0 7.0 5.0
-3.8499365787116457 2.0 1.0 0.0 0.0 0.0 9.0 1.0 3.0 18.0 4.0 1.0 -1000.0 0.0 0.0 100000.0 100000.0 0.0 0.0 0.0 0.0 15.0 3.0 1.0 1.0 0.0 0.0 0.0 0.0 1.0 0.0 0.0 0.0 0.0 7.0 5.0
1.7656982975803996 3.0 1.0 0.0 0.0 0.0 2.0 0.0 3.0 2.0 0.0 1.0 -1000.0 0.0 17.0 14.0 3.0 11.0 1.0 1.0 1000.0 60.0 3.0 0.0 0.0 1.0 0.0 0.0 0.0 0.0 0.0 0.0 0.0 0.0 18.0 18.0
-0.47489783286396936 3.0 1.0 0.0 0.0 0.0 2.0 0.0 3.0 2.0 0.0 2.0 -1000.0 0.0 6.0 10.0 4.0 4.0 0.0 1.0 0.0 56.0 7.0 4.0 1.0 1.0 1.0 0.0 0.0 0.0 0.0 0.0 0.0 0.0 18.0 18.0
-3.397971335336675 3.0 1.0 0.0 0.0 0.0 7.0 0.0 3.0 3.0 8.0 1.0 -1000.0 0.0 0.0 100000.0 100000.0 0.0 0.0 0.0 500.0 46.0 17.0 14.0 6.0 0.0 0.0 0.0 0.0 0.0 0.0 0.0 1.0 0.0 18.0 18.0
-3.901473349739907 3.0 1.0 0.0 0.0 0.0 7.0 0.0 3.0 3.0 8.0 1.0 -1000.0 0.0 0.0 100000.0 100000.0 0.0 0.0 0.0 500.0 55.0 8.0 5.0 2.0 0.0 0.0 0.0 0.0 0.0 0.0 0.0 1.0 0.0 18.0 18.0
-3.69916952288436 3.0 1.0 0.0 0.0 0.0 7.0 0.0 3.0 4.0 8.0 1.0 -1000.0 0.0 0.0 100000.0 100000.0 0.0 0.0 0.0 500.0 54.0 9.0 6.0 3.0 0.0 0.0 0.0 0.0 0.0 0.0 0.0 1.0 0.0 18.0 18.0
1.673512120897644 0.0 1.0 1.0 1.0 0.0 0.0 1.0 7.0 0.0 9.0 3.0 1.0 0.0 2.0 79.0 104.0 0.0 2.0 0.0 0.0 0.0 14.0 14.0 7.0 0.0 1.0 0.0 0.0 0.0 0.0 1.0 0.0 1.0 3.0 18.0
1.4850187391694516 0.0 1.0 1.0 1.0 0.0 0.0 1.0 7.0 0.0 9.0 3.0 1.0 0.0 8.0 328.0 82.0 0.0 4.0 0.0 0.0 0.0 8.0 8.0 2.0 0.0 1.0 0.0 0.0 0.0 0.0 1.0 0.0 1.0 3.0 18.0
0.9749045829340414 0.0 1.0 1.0 1.0 0.0 0.0 1.0 7.0 0.0 9.0 3.0 1.0 0.0 8.0 395.0 35.0 0.0 8.0 0.0 500.0 0.0 8.0 8.0 3.0 0.0 1.0 0.0 0.0 0.0 0.0 1.0 0.0 1.0 3.0 18.0
1.2696339124430973 0.0 1.0 1.0 1.0 0.0 0.0 1.0 7.0 0.0 9.0 3.0 1.0 0.0 3.0 51.0 100000.0 0.0 3.0 0.0 0.0 0.0 11.0 11.0 4.0 0.0 1.0 0.0 0.0 0.0 0.0 1.0 0.0 1.0 3.0 18.0
0.9256447265584417 0.0 1.0 1.0 1.0 0.0 0.0 1.0 7.0 0.0 9.0 3.0 1.0 0.0 3.0 100000.0 33.0 0.0 3.0 0.0 0.0 0.0 12.0 12.0 5.0 0.0 1.0 0.0 0.0 0.0 0.0 1.0 0.0 1.0 3.0 18.0
3.8219833425976018 2.0 1.0 1.0 1.0 0.0 0.0 1.0 7.0 3.0 9.0 1.0 1.0 0.0 24.0 38.0 55.0 0.0 24.0 22.0 1000.0 52.0 2.0 0.0 0.0 0.0 0.0 0.0 0.0 0.0 0.0 0.0 0.0 1.0 3.0 5.0
2.0373437041416116 2.0 1.0 1.0 1.0 0.0 0.0 1.0 7.0 3.0 9.0 2.0 1.0 0.0 3.0 29.0 98.0 1.0 3.0 0.0 500.0 45.0 9.0 7.0 1.0 0.0 1.0 0.0 0.0 0.0 0.0 0.0 0.0 1.0 3.0 5.0
0.3344865174232914 2.0 1.0 1.0 1.0 0.0 0.0 1.0 7.0 4.0 9.0 1.0 1.0 0.0 0.0 100000.0 100000.0 0.0 0.0 0.0 500.0 48.0 6.0 4.0 2.0 0.0 0.0 0.0 0.0 0.0 0.0 0.0 0.0 1.0 3.0 5.0
0.06858897367386521 2.0 1.0 1.0 1.0 0.0 0.0 1.0 7.0 3.0 9.0 1.0 1.0 0.0 0.0 100000.0 100000.0 0.0 0.0 0.0 500.0 47.0 7.0 5.0 4.0 0.0 0.0 0.0 0.0 0.0 0.0 0.0 0.0 1.0 3.0 5.0
0.28459568781947664 2.0 1.0 1.0 1.0 0.0 0.0 1.0 7.0 3.0 9.0 1.0 1.0 0.0 0.0 100000.0 100000.0 0.0 0.0 0.0 500.0 48.0 6.0 4.0 3.0 0.0 0.0 0.0 0.0 0.0 0.0 0.0 0.0 1.0 3.0 5.0
2.9201175779865784 0.0 1.0 0.0 0.0 0.0 2.0 1.0 3.0 18.0 1.0 1.0 -1000.0 0.0 130.0 42.0 8.0 6.0 18.0 103.0 0.0 0.0 4.0 4.0 41.0 0.0 1.0 0.0 0.0 0.0 0.0 0.0 0.0 0.0 7.0 3.0
0.9465198752381334 0.0 1.0 0.0 0.0 0.0 2.0 1.0 3.0 18.0 1.0 1.0 -1000.0 0.0 20.0 2.0 1.0 2.0 0.0 18.0 1000.0 0.0 5.0 5.0 53.0 0.0 1.0 0.0 0.0 0.0 0.0 0.0 0.0 0.0 7.0 3.0
1.1514843233947591 0.0 1.0 0.0 0.0 0.0 9.0 0.0 3.0 16.0 4.0 1.0 -1000.0 0.0 20.0 0.0 73.0 2.0 1.0 8.0 1000.0 0.0 5.0 5.0 12.0 0.0 0.0 0.0 0.0 1.0 0.0 0.0 0.0 0.0 7.0 3.0
0.7080339904191849 0.0 1.0 0.0 0.0 0.0 2.0 1.0 3.0 18.0 1.0 1.0 -1000.0 0.0 15.0 235.0 147.0 0.0 4.0 7.0 0.0 0.0 4.0 4.0 60.0 0.0 1.0 0.0 0.0 0.0 0.0 0.0 0.0 0.0 7.0 3.0
0.017214108498601062 0.0 1.0 0.0 0.0 0.0 2.0 1.0 3.0 18.0 4.0 2.0 -1000.0 0.0 14.0 51.0 8.0 1.0 6.0 0.0 0.0 0.0 4.0 4.0 64.0 0.0 1.0 0.0 0.0 1.0 0.0 0.0 0.0 0.0 7.0 3.0
3.920577194163747 1.0 1.0 0.0 0.0 0.0 9.0 1.0 2.0 16.0 4.0 1.0 -1000.0 0.0 721.0 5.0 1.0 6.0 50.0 174.0 1000.0 41.0 4.0 3.0 640.0 0.0 0.0 0.0 0.0 1.0 0.0 0.0 0.0 0.0 6.0 2.0
1.581047101714952 1.0 1.0 0.0 0.0 0.0 2.0 1.0 2.0 18.0 4.0 2.0 -1000.0 0.0 241.0 16.0 3.0 3.0 47.0 0.0 0.0 39.0 4.0 3.0 645.0 0.0 1.0 0.0 0.0 1.0 0.0 0.0 0.0 0.0 6.0 2.0
0.7753704999432235 1.0 1.0 0.0 0.0 0.0 2.0 0.0 2.0 11.0 0.0 2.0 -1000.0 0.0 124.0 48.0 37.0 0.0 24.0 4.0 0.0 40.0 5.0 4.0 0.0 1.0 1.0 0.0 0.0 0.0 0.0 0.0 0.0 0.0 6.0 2.0
-0.48414028440368145 1.0 1.0 0.0 0.0 0.0 2.0 1.0 2.0 18.0 1.0 1.0 -1000.0 0.0 4.0 689.0 2.0 2.0 0.0 4.0 666.0 26.0 19.0 18.0 659.0 0.0 1.0 0.0 0.0 0.0 0.0 0.0 0.0 0.0 6.0 2.0
-0.8942761645958003 1.0 1.0 0.0 0.0 0.0 2.0 0.0 2.0 11.0 0.0 3.0 -1000.0 0.0 47.0 12.0 11.0 4.0 4.0 1.0 1000.0 39.0 6.0 5.0 5.0 1.0 1.0 0.0 1.0 0.0 0.0 0.0 0.0 0.0 6.0 2.0
3.4102187457108917 2.0 1.0 1.0 1.0 0.0 6.0 1.0 2.0 16.0 9.0 2.0 1.0 0.0 107.0 21.0 21.0 2.0 15.0 0.0 0.0 52.0 2.0 0.0 0.0 0.0 0.0 0.0 0.0 1.0 0.0 0.0 0.0 1.0 28.0 1.0
-3.5033953293684172 2.0 1.0 0.0 0.0 0.0 9.0 1.0 2.0 18.0 4.0 1.0 -1000.0 0.0 0.0 100000.0 100000.0 0.0 0.0 0.0 500.0 47.0 5.0 3.0 2.0 0.0 0.0 0.0 0.0 1.0 0.0 0.0 0.0 0.0 28.0 1.0
-4.981269806740294 2.0 1.0 0.0 0.0 0.0 7.0 1.0 2.0 3.0 8.0 1.0 -1000.0 0.0 0.0 100000.0 100000.0 0.0 0.0 0.0 0.0 47.0 5.0 3.0 1.0 0.0 0.0 0.0 0.0 0.0 0.0 0.0 1.0 0.0 28.0 1.0
-3.8427893544379486 2.0 1.0 0.0 0.0 0.0 9.0 1.0 2.0 18.0 4.0 1.0 -1000.0 0.0 0.0 100000.0 100000.0 0.0 0.0 0.0 0.0 46.0 6.0 4.0 3.0 0.0 0.0 0.0 0.0 1.0 0.0 0.0 0.0 0.0 28.0 1.0
-4.948018106354749 2.0 1.0 0.0 0.0 0.0 2.0 0.0 2.0 0.0 3.0 2.0 -1000.0 0.0 2.0 1017.0 100000.0 0.0 0.0 0.0 500.0 21.0 9.0 7.0 4.0 0.0 1.0 0.0 1.0 0.0 0.0 0.0 0.0 0.0 28.0 1.0
2.558836022797742 0.0 1.0 1.0 1.0 0.0 0.0 1.0 7.0 0.0 9.0 3.0 1.0 0.0 6.0 114.0 103.0 0.0 1.0 4.0 0.0 0.0 4.0 4.0 6.0 0.0 1.0 0.0 0.0 0.0 0.0 1.0 0.0 1.0 3.0 18.0
2.7907255957843633 0.0 1.0 1.0 1.0 0.0 0.0 1.0 7.0 0.0 9.0 3.0 1.0 0.0 1.0 100000.0 43.0 0.0 1.0 1.0 0.0 0.0 6.0 6.0 10.0 0.0 1.0 0.0 0.0 0.0 0.0 1.0 0.0 1.0 3.0 18.0
2.15157971673433 0.0 1.0 1.0 1.0 0.0 0.0 1.0 7.0 0.0 9.0 3.0 1.0 0.0 5.0 100000.0 34.0 0.0 2.0 3.0 500.0 0.0 11.0 11.0 7.0 0.0 1.0 0.0 0.0 0.0 0.0 1.0 0.0 1.0 3.0 18.0
0.16588726438277218 0.0 1.0 1.0 1.0 0.0 0.0 0.0 7.0 10.0 9.0 2.0 1.0 0.0 0.0 100000.0 100000.0 0.0 0.0 0.0 0.0 0.0 3.0 3.0 0.0 0.0 0.0 0.0 0.0 0.0 0.0 1.0 0.0 1.0 3.0 18.0
0.8293466092929712 0.0 1.0 1.0 1.0 0.0 0.0 1.0 7.0 3.0 9.0 3.0 1.0 0.0 2.0 100000.0 97.0 0.0 2.0 0.0 0.0 0.0 6.0 6.0 9.0 0.0 1.0 0.0 0.0 0.0 0.0 1.0 0.0 1.0 3.0 18.0
1.1938460789813656 1.0 1.0 1.0 1.0 0.0 6.0 0.0 5.0 3.0 9.0 2.0 1.0 0.0 1.0 100000.0 283.0 0.0 0.0 0.0 0.0 36.0 9.0 8.0 0.0 0.0 0.0 0.0 1.0 0.0 0.0 0.0 0.0 1.0 5.0 18.0
-1.435915180057216 1.0 1.0 1.0 1.0 0.0 6.0 0.0 5.0 3.0 9.0 2.0 1.0 0.0 0.0 100000.0 100000.0 0.0 0.0 0.0 0.0 41.0 4.0 3.0 1.0 0.0 0.0 0.0 1.0 0.0 0.0 0.0 0.0 1.0 5.0 18.0
-7.027117241541291 1.0 0.0 1.0 1.0 0.0 6.0 0.0 5.0 0.0 9.0 2.0 1.0 0.0 0.0 100000.0 100000.0 0.0 0.0 0.0 0.0 38.0 5.0 4.0 2.0 0.0 0.0 0.0 1.0 0.0 0.0 0.0 0.0 1.0 5.0 18.0
-2.5255775472016913 1.0 1.0 1.0 1.0 0.0 6.0 0.0 5.0 3.0 9.0 2.0 1.0 0.0 0.0 100000.0 100000.0 0.0 0.0 0.0 0.0 5.0 10.0 9.0 3.0 0.0 0.0 0.0 1.0 0.0 0.0 0.0 0.0 1.0 5.0 18.0
-2.955308245506585 1.0 1.0 1.0 1.0 0.0 6.0 0.0 5.0 10.0 9.0 2.0 1.0 0.0 0.0 100000.0 100000.0 0.0 0.0 0.0 0.0 3.0 12.0 11.0 4.0 0.0 0.0 0.0 1.0 0.0 0.0 0.0 0.0 1.0 5.0 18.0
1.1001514663105874 2.0 1.0 0.0 0.0 0.0 2.0 1.0 7.0 18.0 1.0 1.0 -1000.0 0.0 9.0 62.0 20.0 1.0 8.0 8.0 0.0 51.0 3.0 1.0 0.0 0.0 1.0 0.0 0.0 0.0 0.0 0.0 0.0 0.0 3.0 4.0
-0.8879547360179979 2.0 1.0 0.0 0.0 0.0 2.0 1.0 7.0 18.0 1.0 1.0 -1000.0 0.0 11.0 7.0 27.0 2.0 9.0 0.0 1000.0 7.0 5.0 3.0 1.0 0.0 1.0 0.0 0.0 0.0 0.0 0.0 0.0 0.0 3.0 4.0
-3.285858291574819 2.0 1.0 0.0 0.0 0.0 2.0 1.0 7.0 18.0 1.0 1.0 -1000.0 0.0 2.0 100000.0 140.0 0.0 2.0 2.0 0.0 -10.0 16.0 14.0 8.0 0.0 1.0 0.0 0.0 0.0 0.0 0.0 0.0 0.0 3.0 4.0
-2.669760055797635 2.0 1.0 0.0 0.0 0.0 2.0 1.0 7.0 18.0 1.0 1.0 -1000.0 0.0 5.0 100000.0 84.0 0.0 1.0 2.0 0.0 3.0 9.0 7.0 2.0 0.0 1.0 0.0 0.0 0.0 0.0 0.0 0.0 0.0 3.0 4.0
-4.300985148759517 2.0 1.0 0.0 0.0 0.0 2.0 1.0 7.0 18.0 1.0 1.0 -1000.0 0.0 1.0 35.0 100000.0 0.0 1.0 0.0 500.0 -6.0 12.0 10.0 11.0 0.0 1.0 0.0 0.0 0.0 0.0 0.0 0.0 0.0 3.0 4.0
4.917598581636659 3.0 1.0 0.0 0.0 0.0 9.0 0.0 1.0 16.0 4.0 1.0 -1000.0 0.0 388.0 16.0 2.0 14.0 56.0 11.0 0.0 60.0 3.0 0.0 0.0 0.0 0.0 0.0 0.0 1.0 0.0 0.0 0.0 0.0 8.0 1.0
-7.010961393023517 3.0 1.0 0.0 0.0 0.0 7.0 0.0 1.0 0.0 8.0 1.0 -1000.0 0.0 0.0 100000.0 100000.0 0.0 0.0 0.0 0.0 57.0 6.0 3.0 11.0 0.0 0.0 0.0 0.0 0.0 0.0 0.0 1.0 0.0 8.0 1.0
-7.250614638441984 3.0 1.0 0.0 0.0 0.0 5.0 0.0 1.0 0.0 3.0 1.0 -1000.0 0.0 0.0 100000.0 100000.0 0.0 0.0 0.0 0.0 52.0 17.0 14.0 1.0 0.0 0.0 0.0 1.0 0.0 0.0 0.0 0.0 0.0 8.0 1.0
-7.451188683062026 3.0 1.0 0.0 0.0 0.0 5.0 0.0 1.0 0.0 3.0 1.0 -1000.0 0.0 0.0 100000.0 100000.0 0.0 0.0 0.0 0.0 50.0 13.0 10.0 2.0 0.0 0.0 0.0 1.0 0.0 0.0 0.0 0.0 0.0 8.0 1.0
-6.89431655364712 3.0 1.0 0.0 0.0 0.0 6.0 0.0 1.0 11.0 3.0 1.0 -1000.0 0.0 0.0 100000.0 100000.0 0.0 0.0 0.0 0.0 56.0 7.0 4.0 8.0 0.0 0.0 0.0 1.0 0.0 0.0 0.0 0.0 0.0 8.0 1.0
-3.160676437237871 0.0 1.0 1.0 1.0 0.0 2.0 1.0 1.0 5.0 9.0 3.0 16.0 0.0 13.0 72.0 182.0 0.0 0.0 0.0 0.0 0.0 4.0 4.0 0.0 0.0 1.0 0.0 0.0 1.0 0.0 0.0 0.0 1.0 8.0 2.0
3.3010550093608657 0.0 1.0 0.0 0.0 0.0 1.0 0.0 1.0 11.0 9.0 3.0 2.0 0.0 20.0 3.0 3.0 4.0 1.0 8.0 1000.0 0.0 5.0 5.0 4.0 1.0 1.0 0.0 0.0 0.0 0.0 0.0 0.0 1.0 8.0 2.0
3.0763817784353913 0.0 1.0 0.0 0.0 0.0 1.0 0.0 1.0 11.0 9.0 3.0 2.0 0.0 5.0 1.0 3.0 3.0 0.0 2.0 1000.0 0.0 5.0 5.0 6.0 1.0 1.0 0.0 0.0 0.0 0.0 0.0 0.0 1.0 8.0 2.0
2.348826693744211 0.0 1.0 0.0 0.0 0.0 2.0 1.0 1.0 18.0 1.0 1.0 -1000.0 0.0 72.0 13.0 10.0 4.0 7.0 23.0 0.0 0.0 2.0 2.0 335.0 0.0 1.0 0.0 0.0 0.0 0.0 0.0 0.0 0.0 8.0 2.0
-0.4764761514914859 0.0 1.0 0.0 0.0 0.0 2.0 0.0 1.0 0.0 9.0 3.0 1.0 0.0 21.0 52.0 6.0 2.0 1.0 4.0 0.0 0.0 4.0 4.0 14.0 1.0 1.0 0.0 0.0 0.0 0.0 0.0 0.0 1.0 8.0 2.0
1.8527199738652977 2.0 1.0 1.0 1.0 0.0 6.0 0.0 5.0 12.0 9.0 1.0 1.0 0.0 3.0 100000.0 226.0 0.0 2.0 0.0 0.0 48.0 6.0 4.0 0.0 0.0 0.0 0.0 0.0 0.0 0.0 0.0 0.0 1.0 5.0 5.0
3.9286007583345928 3.0 1.0 0.0 0.0 0.0 1.0 0.0 6.0 11.0 9.0 4.0 2.0 0.0 136.0 2.0 6.0 9.0 9.0 72.0 1000.0 59.0 4.0 1.0 0.0 1.0 1.0 0.0 1.0 0.0 0.0 0.0 0.0 1.0 18.0 2.0
-1.3325557809127893 3.0 1.0 0.0 0.0 0.0 6.0 1.0 6.0 16.0 9.0 2.0 1.0 0.0 1.0 214.0 100000.0 0.0 0.0 0.0 0.0 59.0 4.0 1.0 2.0 0.0 0.0 0.0 0.0 1.0 0.0 0.0 0.0 1.0 18.0 2.0
-0.6851840621186503 3.0 1.0 0.0 0.0 0.0 2.0 1.0 6.0 3.0 9.0 2.0 1.0 0.0 15.0 45.0 67.0 0.0 0.0 0.0 1000.0 57.0 4.0 1.0 1.0 0.0 1.0 0.0 0.0 0.0 0.0 0.0 0.0 1.0 18.0 2.0
-6.045219211905407 3.0 1.0 0.0 0.0 0.0 5.0 0.0 6.0 0.0 3.0 1.0 -1000.0 0.0 0.0 100000.0 100000.0 0.0 0.0 0.0 500.0 52.0 11.0 8.0 4.0 0.0 0.0 0.0 1.0 0.0 0.0 0.0 0.0 0.0 18.0 2.0
-6.890455147829098 3.0 1.0 0.0 0.0 0.0 5.0 0.0 6.0 0.0 3.0 1.0 -1000.0 0.0 0.0 100000.0 100000.0 0.0 0.0 0.0 333.0 48.0 15.0 12.0 5.0 0.0 0.0 0.0 1.0 0.0 0.0 0.0 0.0 0.0 18.0 2.0
1.391985758150177 0.0 1.0 1.0 1.0 0.0 0.0 0.0 7.0 5.0 9.0 2.0 21.0 0.0 1.0 100000.0 486.0 0.0 1.0 0.0 0.0 0.0 5.0 5.0 1.0 0.0 1.0 0.0 0.0 0.0 0.0 0.0 0.0 1.0 3.0 18.0
1.576031017199296 0.0 1.0 1.0 1.0 0.0 0.0 0.0 7.0 5.0 9.0 2.0 21.0 0.0 1.0 100000.0 666.0 0.0 1.0 0.0 0.0 0.0 4.0 4.0 0.0 0.0 1.0 0.0 0.0 0.0 0.0 0.0 0.0 1.0 3.0 18.0
0.13485733741822045 0.0 1.0 1.0 1.0 0.0 0.0 0.0 7.0 5.0 9.0 1.0 21.0 0.0 0.0 100000.0 100000.0 0.0 0.0 0.0 0.0 0.0 5.0 5.0 2.0 0.0 0.0 0.0 0.0 0.0 0.0 0.0 0.0 1.0 3.0 18.0
-0.2731403689831092 0.0 1.0 1.0 1.0 0.0 0.0 0.0 7.0 5.0 9.0 1.0 21.0 0.0 0.0 100000.0 100000.0 0.0 0.0 0.0 0.0 0.0 6.0 6.0 3.0 0.0 0.0 0.0 0.0 0.0 0.0 0.0 0.0 1.0 3.0 18.0
1.8280779695201173 0.0 1.0 0.0 0.0 0.0 2.0 1.0 7.0 18.0 1.0 1.0 -1000.0 0.0 126.0 0.0 1.0 15.0 89.0 4.0 1000.0 0.0 3.0 3.0 18.0 0.0 1.0 0.0 0.0 0.0 0.0 0.0 0.0 0.0 3.0 18.0
2.3091437687708645 2.0 1.0 1.0 1.0 0.0 6.0 0.0 5.0 12.0 9.0 1.0 1.0 0.0 14.0 100000.0 172.0 0.0 0.0 13.0 0.0 50.0 4.0 2.0 0.0 0.0 0.0 0.0 0.0 0.0 0.0 0.0 0.0 1.0 25.0 3.0
-1.4407832094301725 2.0 1.0 1.0 1.0 0.0 6.0 0.0 5.0 12.0 9.0 1.0 1.0 0.0 0.0 100000.0 100000.0 0.0 0.0 0.0 0.0 42.0 12.0 10.0 1.0 0.0 0.0 0.0 0.0 0.0 0.0 0.0 0.0 1.0 25.0 3.0
-2.1297814755450144 2.0 1.0 1.0 1.0 0.0 6.0 0.0 5.0 12.0 9.0 1.0 1.0 0.0 0.0 100000.0 100000.0 0.0 0.0 0.0 0.0 8.0 10.0 8.0 2.0 0.0 0.0 0.0 0.0 0.0 0.0 0.0 0.0 1.0 25.0 3.0
-2.099868464388888 2.0 1.0 1.0 1.0 0.0 6.0 0.0 5.0 12.0 9.0 1.0 1.0 0.0 0.0 100000.0 100000.0 0.0 0.0 0.0 0.0 2.0 16.0 14.0 3.0 0.0 0.0 0.0 0.0 0.0 0.0 0.0 0.0 1.0 25.0 3.0
-2.4001151581758298 2.0 1.0 1.0 1.0 0.0 6.0 0.0 5.0 12.0 9.0 1.0 1.0 0.0 0.0 100000.0 100000.0 0.0 0.0 0.0 0.0 -8.0 20.0 18.0 4.0 0.0 0.0 0.0 0.0 0.0 0.0 0.0 0.0 1.0 25.0 3.0
2.9611070989356465 0.0 1.0 0.0 0.0 0.0 1.0 0.0 6.0 13.0 0.0 2.0 -1000.0 0.0 54.0 2.0 100000.0 2.0 6.0 17.0 1000.0 0.0 2.0 2.0 3.0 1.0 1.0 0.0 0.0 0.0 0.0 0.0 0.0 0.0 18.0 18.0
0.889127479458812 0.0 1.0 0.0 0.0 0.0 2.0 1.0 6.0 18.0 1.0 1.0 -1000.0 0.0 27.0 10.0 75.0 1.0 2.0 3.0 0.0 0.0 4.0 4.0 91.0 0.0 1.0 0.0 0.0 0.0 0.0 0.0 0.0 0.0 18.0 18.0
0.401139863618074 0.0 1.0 0.0 0.0 0.0 1.0 0.0 6.0 11.0 0.0 2.0 -1000.0 0.0 51.0 0.0 3.0 9.0 0.0 1.0 1000.0 0.0 4.0 4.0 4.0 1.0 1.0 0.0 0.0 0.0 0.0 0.0 0.0 0.0 18.0 18.0
0.10616355687244566 0.0 1.0 0.0 0.0 0.0 1.0 0.0 6.0 11.0 0.0 2.0 -1000.0 0.0 80.0 7.0 24.0 7.0 0.0 4.0 0.0 0.0 5.0 5.0 0.0 1.0 1.0 0.0 0.0 0.0 0.0 0.0 0.0 0.0 18.0 18.0
-0.7394619235462087 0.0 1.0 0.0 0.0 0.0 1.0 0.0 6.0 11.0 0.0 2.0 -1000.0 0.0 11.0 2.0 1.0 3.0 0.0 0.0 1000.0 0.0 4.0 4.0 10.0 1.0 1.0 0.0 0.0 0.0 0.0 0.0 0.0 0.0 18.0 18.0
1.405689294665055 2.0 1.0 1.0 1.0 0.0 6.0 0.0 5.0 0.0 9.0 2.0 1.0 0.0 1.0 100000.0 427.0 0.0 0.0 0.0 0.0 47.0 7.0 5.0 0.0 0.0 0.0 0.0 1.0 0.0 0.0 0.0 0.0 1.0 5.0 5.0
-2.018438882457503 2.0 1.0 1.0 1.0 0.0 0.0 0.0 5.0 12.0 9.0 3.0 1.0 0.0 0.0 100000.0 100000.0 0.0 0.0 0.0 0.0 9.0 9.0 7.0 1.0 0.0 0.0 0.0 1.0 0.0 1.0 0.0 0.0 1.0 5.0 5.0
-0.693387258842352 3.0 1.0 0.0 0.0 0.0 2.0 1.0 3.0 18.0 1.0 1.0 -1000.0 0.0 7.0 0.0 2.0 3.0 0.0 0.0 1000.0 57.0 6.0 3.0 0.0 0.0 1.0 0.0 0.0 0.0 0.0 0.0 0.0 0.0 12.0 8.0
-1.3819686725778217 3.0 1.0 0.0 0.0 0.0 2.0 1.0 3.0 18.0 1.0 1.0 -1000.0 0.0 2.0 122.0 34.0 0.0 0.0 0.0 500.0 53.0 10.0 7.0 1.0 0.0 1.0 0.0 0.0 0.0 0.0 0.0 0.0 0.0 12.0 8.0
-3.506456087752978 3.0 1.0 0.0 0.0 0.0 9.0 1.0 3.0 18.0 4.0 1.0 -1000.0 0.0 0.0 100000.0 100000.0 0.0 0.0 0.0 0.0 57.0 6.0 3.0 2.0 0.0 0.0 0.0 0.0 1.0 0.0 0.0 0.0 0.0 12.0 8.0
-4.498067576826685 3.0 0.0 0.0 0.0 0.0 1.0 2.0 3.0 13.0 0.0 3.0 -1000.0 0.0 16.0 0.0 1.0 5.0 0.0 1.0 1000.0 55.0 6.0 3.0 5.0 1.0 1.0 0.0 1.0 0.0 0.0 0.0 0.0 0.0 12.0 8.0
-6.191899134851676 3.0 1.0 0.0 0.0 0.0 6.0 2.0 3.0 10.0 3.0 1.0 -1000.0 0.0 0.0 100000.0 100000.0 0.0 0.0 0.0 0.0 53.0 6.0 3.0 3.0 0.0 0.0 0.0 1.0 0.0 0.0 0.0 0.0 0.0 12.0 8.0
1.729943261750329 0.0 1.0 0.0 0.0 0.0 2.0 1.0 2.0 18.0 1.0 1.0 -1000.0 0.0 3.0 291.0 1.0 1.0 3.0 3.0 1000.0 0.0 9.0 9.0 294.0 0.0 1.0 0.0 0.0 0.0 0.0 0.0 0.0 0.0 2.0 18.0
1.842383939532035 0.0 1.0 0.0 0.0 0.0 2.0 1.0 2.0 18.0 1.0 1.0 -1000.0 0.0 3.0 2.0 7.0 2.0 3.0 3.0 1000.0 0.0 14.0 14.0 299.0 0.0 1.0 0.0 0.0 0.0 0.0 0.0 0.0 0.0 2.0 18.0
0.6483210775957432 0.0 1.0 0.0 0.0 0.0 2.0 1.0 2.0 18.0 1.0 1.0 -1000.0 0.0 15.0 26.0 100000.0 2.0 10.0 14.0 0.0 0.0 11.0 11.0 160.0 0.0 1.0 0.0 0.0 0.0 0.0 0.0 0.0 0.0 2.0 18.0
1.0349867016946512 0.0 1.0 0.0 0.0 0.0 2.0 1.0 2.0 18.0 1.0 1.0 -1000.0 0.0 19.0 19.0 69.0 1.0 11.0 12.0 0.0 0.0 4.0 4.0 151.0 0.0 1.0 0.0 0.0 0.0 0.0 0.0 0.0 0.0 2.0 18.0
1.6862916107003019 0.0 1.0 0.0 0.0 0.0 2.0 0.0 2.0 11.0 0.0 2.0 -1000.0 0.0 17.0 3.0 7.0 2.0 3.0 3.0 1000.0 0.0 7.0 7.0 27.0 1.0 1.0 0.0 0.0 0.0 0.0 0.0 0.0 0.0 2.0 18.0
-9.546010034779016 1.0 1.0 0.0 0.0 0.0 6.0 0.0 1.0 0.0 3.0 1.0 -1000.0 0.0 0.0 100000.0 100000.0 0.0 0.0 0.0 0.0 44.0 1.0 0.0 0.0 0.0 0.0 0.0 1.0 0.0 0.0 0.0 0.0 0.0 18.0 3.0
3.3491933192382946 1.0 1.0 0.0 0.0 0.0 2.0 0.0 1.0 11.0 3.0 2.0 -1000.0 0.0 46.0 1.0 3.0 5.0 9.0 43.0 1000.0 40.0 5.0 4.0 5.0 0.0 1.0 0.0 1.0 0.0 0.0 0.0 0.0 0.0 18.0 3.0
1.2098465925539925 1.0 1.0 0.0 0.0 0.0 9.0 0.0 1.0 16.0 4.0 1.0 -1000.0 0.0 8.0 52.0 3.0 1.0 5.0 0.0 0.0 40.0 5.0 4.0 2.0 0.0 0.0 0.0 0.0 1.0 0.0 0.0 0.0 0.0 18.0 3.0
-3.727720122288624 1.0 1.0 0.0 0.0 0.0 2.0 0.0 1.0 0.0 8.0 2.0 -1000.0 0.0 1.0 41.0 100000.0 0.0 0.0 0.0 0.0 35.0 10.0 9.0 7.0 0.0 1.0 0.0 0.0 0.0 0.0 0.0 1.0 0.0 18.0 3.0
-1.9462970981832788 1.0 1.0 0.0 0.0 0.0 9.0 0.0 1.0 16.0 4.0 1.0 -1000.0 0.0 64.0 1.0 0.0 12.0 0.0 0.0 1000.0 42.0 3.0 2.0 1.0 0.0 0.0 0.0 0.0 1.0 0.0 0.0 0.0 0.0 18.0 3.0
1.0994272891209578 2.0 1.0 0.0 0.0 0.0 2.0 0.0 6.0 10.0 0.0 2.0 -1000.0 0.0 9.0 6.0 0.0 6.0 5.0 0.0 1000.0 48.0 6.0 4.0 0.0 1.0 1.0 0.0 0.0 0.0 0.0 0.0 0.0 0.0 4.0 5.0
-1.6136696141818048 2.0 1.0 0.0 0.0 0.0 2.0 1.0 6.0 18.0 1.0 1.0 -1000.0 0.0 3.0 203.0 393.0 0.0 1.0 2.0 0.0 45.0 7.0 5.0 49.0 0.0 1.0 0.0 0.0 0.0 0.0 0.0 0.0 0.0 4.0 5.0
-1.5639494865006862 2.0 1.0 0.0 0.0 0.0 2.0 1.0 6.0 18.0 4.0 2.0 -1000.0 0.0 2.0 365.0 100.0 0.0 0.0 2.0 0.0 48.0 4.0 2.0 51.0 0.0 1.0 0.0 0.0 1.0 0.0 0.0 0.0 0.0 4.0 5.0
-3.2985824805273904 2.0 1.0 0.0 0.0 0.0 2.0 1.0 6.0 18.0 1.0 1.0 -1000.0 0.0 9.0 193.0 37.0 0.0 0.0 1.0 500.0 40.0 12.0 10.0 47.0 0.0 1.0 0.0 0.0 0.0 0.0 0.0 0.0 0.0 4.0 5.0
-2.71213337515631 2.0 1.0 0.0 0.0 0.0 7.0 1.0 6.0 4.0 8.0 1.0 -1000.0 0.0 0.0 100000.0 100000.0 0.0 0.0 0.0 1000.0 46.0 6.0 4.0 60.0 0.0 0.0 0.0 0.0 0.0 0.0 0.0 1.0 0.0 4.0 5.0
-9.546010034779016 1.0 1.0 0.0 0.0 0.0 6.0 0.0 1.0 0.0 3.0 1.0 -1000.0 0.0 0.0 100000.0 100000.0 0.0 0.0 0.0 0.0 44.0 1.0 0.0 0.0 0.0 0.0 0.0 1.0 0.0 0.0 0.0 0.0 0.0 18.0 3.0
0.8117447895550753 1.0 1.0 0.0 0.0 0.0 2.0 1.0 1.0 18.0 1.0 1.0 -1000.0 0.0 2.0 100000.0 1.0 1.0 0.0 2.0 1000.0 35.0 10.0 9.0 20.0 0.0 1.0 0.0 0.0 0.0 0.0 0.0 0.0 0.0 18.0 3.0
0.5323160048422094 1.0 1.0 0.0 0.0 0.0 2.0 1.0 1.0 18.0 1.0 1.0 -1000.0 0.0 2.0 100000.0 103.0 0.0 0.0 2.0 1000.0 39.0 6.0 5.0 19.0 0.0 1.0 0.0 0.0 0.0 0.0 0.0 0.0 0.0 18.0 3.0
-1.5261454728518782 1.0 1.0 0.0 0.0 0.0 2.0 1.0 1.0 18.0 1.0 1.0 -1000.0 0.0 2.0 100000.0 128.0 0.0 0.0 2.0 0.0 40.0 5.0 4.0 17.0 0.0 1.0 0.0 0.0 0.0 0.0 0.0 0.0 0.0 18.0 3.0
-2.328518249594403 1.0 1.0 0.0 0.0 0.0 9.0 0.0 1.0 16.0 4.0 1.0 -1000.0 0.0 2.0 37.0 100000.0 0.0 0.0 0.0 0.0 41.0 4.0 3.0 1.0 0.0 0.0 0.0 0.0 1.0 0.0 0.0 0.0 0.0 18.0 3.0
3.685159999837653 3.0 1.0 1.0 1.0 0.0 0.0 1.0 7.0 11.0 9.0 3.0 1.0 0.0 6.0 48.0 307.0 0.0 5.0 6.0 0.0 59.0 4.0 1.0 0.0 0.0 1.0 0.0 0.0 0.0 0.0 1.0 0.0 1.0 3.0 8.0
-8.38786790008333 3.0 0.0 0.0 0.0 0.0 2.0 1.0 7.0 18.0 1.0 1.0 -1000.0 0.0 9.0 207.0 160.0 0.0 1.0 0.0 0.0 20.0 5.0 2.0 1.0 0.0 1.0 0.0 0.0 0.0 0.0 0.0 0.0 0.0 3.0 8.0
2.6687765023787304 2.0 1.0 1.0 1.0 0.0 6.0 0.0 5.0 3.0 9.0 1.0 1.0 0.0 53.0 100000.0 62.0 0.0 14.0 18.0 0.0 50.0 4.0 2.0 0.0 0.0 0.0 0.0 0.0 0.0 0.0 0.0 0.0 1.0 5.0 5.0
-1.393957194348499 2.0 1.0 1.0 1.0 0.0 6.0 0.0 5.0 3.0 9.0 1.0 1.0 0.0 0.0 100000.0 100000.0 0.0 0.0 0.0 0.0 48.0 6.0 4.0 1.0 0.0 0.0 0.0 0.0 0.0 0.0 0.0 0.0 1.0 5.0 5.0
-2.235056787872469 2.0 1.0 1.0 1.0 0.0 6.0 0.0 5.0 4.0 9.0 1.0 1.0 0.0 0.0 100000.0 100000.0 0.0 0.0 0.0 0.0 39.0 15.0 13.0 5.0 0.0 0.0 0.0 0.0 0.0 0.0 0.0 0.0 1.0 5.0 5.0
-2.148633750875562 2.0 1.0 1.0 1.0 0.0 6.0 0.0 5.0 3.0 9.0 1.0 1.0 0.0 0.0 100000.0 100000.0 0.0 0.0 0.0 0.0 46.0 8.0 6.0 2.0 0.0 0.0 0.0 0.0 0.0 0.0 0.0 0.0 1.0 5.0 5.0
-2.307647816760939 2.0 1.0 1.0 1.0 0.0 6.0 0.0 5.0 3.0 9.0 1.0 1.0 0.0 0.0 100000.0 100000.0 0.0 0.0 0.0 0.0 45.0 9.0 7.0 3.0 0.0 0.0 0.0 0.0 0.0 0.0 0.0 0.0 1.0 5.0 5.0
2.6109985110215526 0.0 1.0 0.0 0.0 0.0 2.0 1.0 2.0 18.0 1.0 1.0 -1000.0 0.0 123.0 3.0 4.0 4.0 12.0 102.0 1000.0 0.0 4.0 4.0 156.0 0.0 1.0 0.0 0.0 0.0 0.0 0.0 0.0 0.0 6.0 3.0
2.6973669312446282 0.0 1.0 0.0 0.0 0.0 2.0 1.0 2.0 18.0 1.0 1.0 -1000.0 0.0 27.0 7.0 42.0 2.0 8.0 16.0 0.0 0.0 4.0 4.0 165.0 0.0 1.0 0.0 0.0 0.0 0.0 0.0 0.0 0.0 6.0 3.0
2.4892705090419236 0.0 1.0 0.0 0.0 0.0 2.0 1.0 2.0 18.0 1.0 1.0 -1000.0 0.0 26.0 21.0 1.0 3.0 2.0 20.0 1000.0 0.0 4.0 4.0 166.0 0.0 1.0 0.0 0.0 0.0 0.0 0.0 0.0 0.0 6.0 3.0
2.1853187545879056 0.0 1.0 0.0 0.0 0.0 2.0 1.0 2.0 18.0 1.0 1.0 -1000.0 0.0 4.0 230.0 153.0 0.0 1.0 2.0 1000.0 0.0 4.0 4.0 284.0 0.0 1.0 0.0 0.0 0.0 0.0 0.0 0.0 0.0 6.0 3.0
1.1032272547407982 0.0 1.0 0.0 0.0 0.0 2.0 1.0 2.0 18.0 1.0 1.0 -1000.0 0.0 20.0 2.0 21.0 4.0 0.0 19.0 1000.0 0.0 5.0 5.0 176.0 0.0 1.0 0.0 0.0 0.0 0.0 0.0 0.0 0.0 6.0 3.0
2.096354938881625 1.0 1.0 1.0 1.0 0.0 6.0 0.0 5.0 4.0 9.0 1.0 1.0 0.0 11.0 44.0 37.0 0.0 5.0 0.0 0.0 38.0 7.0 6.0 0.0 0.0 0.0 0.0 0.0 0.0 0.0 0.0 0.0 1.0 5.0 5.0
-0.554123693150756 1.0 1.0 1.0 1.0 0.0 6.0 0.0 5.0 3.0 9.0 1.0 1.0 0.0 0.0 100000.0 100000.0 0.0 0.0 0.0 500.0 36.0 9.0 8.0 3.0 0.0 0.0 0.0 0.0 0.0 0.0 0.0 0.0 1.0 5.0 5.0
-1.398625016117726 1.0 1.0 1.0 1.0 0.0 6.0 0.0 5.0 3.0 9.0 1.0 1.0 0.0 0.0 100000.0 100000.0 0.0 0.0 0.0 0.0 40.0 5.0 4.0 1.0 0.0 0.0 0.0 0.0 0.0 0.0 0.0 0.0 1.0 5.0 5.0
-2.1052497756463593 1.0 1.0 1.0 1.0 0.0 6.0 0.0 5.0 7.0 9.0 1.0 1.0 0.0 0.0 100000.0 100000.0 0.0 0.0 0.0 0.0 30.0 15.0 14.0 6.0 0.0 0.0 0.0 0.0 0.0 0.0 0.0 0.0 1.0 5.0 5.0
-2.307647816760939 1.0 1.0 1.0 1.0 0.0 6.0 0.0 5.0 3.0 9.0 1.0 1.0 0.0 0.0 100000.0 100000.0 0.0 0.0 0.0 0.0 36.0 9.0 8.0 2.0 0.0 0.0 0.0 0.0 0.0 0.0 0.0 0.0 1.0 5.0 5.0
0.9358351034286563 2.0 1.0 0.0 0.0 0.0 2.0 1.0 1.0 3.0 8.0 2.0 -1000.0 0.0 3.0 3.0 1.0 3.0 0.0 2.0 1000.0 45.0 9.0 7.0 25.0 0.0 1.0 0.0 0.0 0.0 0.0 0.0 1.0 0.0 8.0 3.0
-2.849719671511461 2.0 1.0 0.0 0.0 0.0 3.0 1.0 1.0 4.0 9.0 2.0 0.0 0.0 0.0 100000.0 100000.0 0.0 0.0 0.0 0.0 47.0 7.0 5.0 0.0 0.0 0.0 1.0 0.0 0.0 0.0 0.0 0.0 1.0 8.0 3.0
-3.3168215987021807 2.0 1.0 0.0 0.0 0.0 7.0 1.0 1.0 4.0 9.0 2.0 0.0 0.0 0.0 100000.0 100000.0 0.0 0.0 0.0 0.0 48.0 6.0 4.0 2.0 0.0 0.0 0.0 0.0 0.0 0.0 0.0 1.0 1.0 8.0 3.0
-3.853976085527728 2.0 1.0 0.0 0.0 0.0 7.0 1.0 1.0 3.0 9.0 2.0 0.0 0.0 0.0 100000.0 100000.0 0.0 0.0 0.0 0.0 47.0 7.0 5.0 4.0 0.0 0.0 0.0 0.0 0.0 0.0 0.0 1.0 1.0 8.0 3.0
-3.946187063974319 2.0 1.0 0.0 0.0 0.0 7.0 1.0 1.0 3.0 9.0 1.0 0.0 0.0 0.0 100000.0 100000.0 0.0 0.0 0.0 0.0 48.0 6.0 4.0 1.0 0.0 0.0 0.0 0.0 0.0 0.0 0.0 0.0 1.0 8.0 3.0
-1.663404813075464 0.0 1.0 1.0 1.0 0.0 2.0 0.0 2.0 5.0 9.0 3.0 16.0 0.0 26.0 174.0 16.0 2.0 0.0 0.0 0.0 0.0 4.0 4.0 0.0 0.0 1.0 0.0 0.0 1.0 0.0 0.0 0.0 1.0 1.0 18.0
0.06654677142362686 0.0 1.0 0.0 0.0 0.0 2.0 0.0 2.0 0.0 9.0 3.0 1.0 0.0 3.0 2.0 100000.0 3.0 0.0 0.0 1000.0 0.0 19.0 19.0 15.0 1.0 1.0 0.0 0.0 0.0 0.0 0.0 0.0 1.0 1.0 18.0
-0.388413906844931 0.0 1.0 0.0 0.0 0.0 1.0 0.0 2.0 11.0 9.0 3.0 2.0 0.0 55.0 1.0 0.0 8.0 0.0 0.0 1000.0 0.0 4.0 4.0 5.0 1.0 1.0 0.0 0.0 0.0 0.0 0.0 0.0 1.0 1.0 18.0
-3.3619181713971447 0.0 1.0 0.0 0.0 0.0 2.0 1.0 2.0 18.0 1.0 1.0 -1000.0 0.0 1.0 100000.0 0.0 1.0 0.0 0.0 1000.0 0.0 16.0 16.0 693.0 0.0 1.0 0.0 0.0 0.0 0.0 0.0 0.0 0.0 1.0 18.0
-0.7320572711746363 0.0 1.0 0.0 0.0 0.0 1.0 0.0 2.0 11.0 9.0 3.0 2.0 0.0 89.0 1.0 0.0 9.0 0.0 0.0 1000.0 0.0 2.0 2.0 4.0 1.0 1.0 0.0 0.0 0.0 0.0 0.0 0.0 1.0 1.0 18.0
2.4870261089819383 2.0 1.0 0.0 0.0 0.0 2.0 1.0 3.0 18.0 4.0 2.0 -1000.0 0.0 3.0 100000.0 22.0 1.0 3.0 2.0 0.0 48.0 6.0 4.0 26.0 0.0 1.0 0.0 0.0 1.0 0.0 0.0 0.0 0.0 12.0 11.0
-2.640962480823518 2.0 1.0 0.0 0.0 0.0 7.0 0.0 3.0 4.0 8.0 1.0 -1000.0 0.0 1.0 51.0 100000.0 0.0 0.0 0.0 0.0 47.0 7.0 5.0 6.0 0.0 0.0 0.0 0.0 0.0 0.0 0.0 1.0 0.0 12.0 11.0
-4.088793078280934 2.0 1.0 0.0 0.0 0.0 9.0 1.0 3.0 18.0 4.0 1.0 -1000.0 0.0 0.0 100000.0 100000.0 0.0 0.0 0.0 0.0 47.0 7.0 5.0 27.0 0.0 0.0 0.0 0.0 1.0 0.0 0.0 0.0 0.0 12.0 11.0
-4.6733838776981 2.0 1.0 0.0 0.0 0.0 7.0 0.0 3.0 4.0 8.0 1.0 -1000.0 0.0 0.0 100000.0 100000.0 0.0 0.0 0.0 0.0 47.0 7.0 5.0 10.0 0.0 0.0 0.0 0.0 0.0 0.0 0.0 1.0 0.0 12.0 11.0
-4.369141955592761 2.0 1.0 0.0 0.0 0.0 7.0 0.0 3.0 3.0 8.0 1.0 -1000.0 0.0 0.0 100000.0 100000.0 0.0 0.0 0.0 0.0 48.0 6.0 4.0 7.0 0.0 0.0 0.0 0.0 0.0 0.0 0.0 1.0 0.0 12.0 11.0
2.550195220628526 3.0 1.0 1.0 1.0 0.0 6.0 1.0 2.0 16.0 9.0 2.0 1.0 0.0 3.0 17.0 100000.0 1.0 3.0 0.0 0.0 58.0 5.0 2.0 0.0 0.0 0.0 0.0 0.0 1.0 0.0 0.0 0.0 1.0 28.0 1.0
-5.724165398259931 3.0 1.0 0.0 0.0 0.0 2.0 0.0 2.0 11.0 0.0 3.0 -1000.0 0.0 6.0 123.0 149.0 0.0 0.0 0.0 0.0 52.0 11.0 8.0 1.0 1.0 1.0 0.0 1.0 0.0 0.0 0.0 0.0 0.0 28.0 1.0
-7.3215162466411 3.0 1.0 0.0 0.0 0.0 6.0 0.0 2.0 0.0 3.0 1.0 -1000.0 0.0 0.0 100000.0 100000.0 0.0 0.0 0.0 500.0 49.0 14.0 11.0 11.0 0.0 0.0 0.0 1.0 0.0 0.0 0.0 0.0 0.0 28.0 1.0
-5.764457639774515 3.0 1.0 0.0 0.0 0.0 7.0 1.0 2.0 4.0 8.0 1.0 -1000.0 0.0 0.0 100000.0 100000.0 0.0 0.0 0.0 0.0 53.0 8.0 5.0 17.0 0.0 0.0 0.0 0.0 0.0 0.0 0.0 1.0 0.0 28.0 1.0
-5.998257703444519 3.0 1.0 0.0 0.0 0.0 7.0 1.0 2.0 4.0 8.0 1.0 -1000.0 0.0 0.0 100000.0 100000.0 0.0 0.0 0.0 0.0 52.0 9.0 6.0 18.0 0.0 0.0 0.0 0.0 0.0 0.0 0.0 1.0 0.0 28.0 1.0
4.898419152301949 1.0 1.0 1.0 1.0 0.0 0.0 0.0 7.0 9.0 9.0 3.0 19.0 0.0 60.0 11.0 17.0 8.0 50.0 2.0 1000.0 39.0 6.0 5.0 0.0 0.0 1.0 0.0 0.0 0.0 0.0 1.0 0.0 1.0 2.0 6.0
-1.236107512339629 1.0 1.0 0.0 0.0 0.0 2.0 1.0 7.0 18.0 1.0 1.0 -1000.0 0.0 11.0 36.0 4.0 1.0 3.0 1.0 0.0 40.0 5.0 4.0 18.0 0.0 1.0 0.0 0.0 0.0 0.0 0.0 0.0 0.0 2.0 6.0
-0.6209462093955883 1.0 1.0 0.0 0.0 0.0 0.0 0.0 7.0 1.0 9.0 2.0 1.0 0.0 1.0 165.0 100000.0 0.0 0.0 0.0 500.0 35.0 10.0 9.0 6.0 0.0 0.0 0.0 0.0 0.0 0.0 1.0 0.0 1.0 2.0 6.0
0.26211429716916934 1.0 1.0 0.0 0.0 0.0 0.0 0.0 7.0 1.0 9.0 3.0 1.0 0.0 3.0 100000.0 1303.0 0.0 1.0 0.0 500.0 34.0 11.0 10.0 2.0 0.0 1.0 0.0 0.0 0.0 0.0 1.0 0.0 1.0 2.0 6.0
-0.3860081519745359 1.0 1.0 0.0 0.0 0.0 0.0 0.0 7.0 9.0 9.0 2.0 1.0 0.0 1.0 506.0 100000.0 0.0 0.0 0.0 0.0 37.0 8.0 7.0 5.0 0.0 0.0 0.0 0.0 0.0 0.0 1.0 0.0 1.0 2.0 6.0
3.8108997230239057 2.0 1.0 1.0 1.0 0.0 6.0 0.0 6.0 5.0 9.0 1.0 34.0 0.0 0.0 100000.0 100000.0 0.0 0.0 0.0 0.0 40.0 14.0 12.0 0.0 0.0 0.0 0.0 0.0 0.0 0.0 0.0 0.0 1.0 5.0 3.0
1.533752255766692 2.0 1.0 1.0 1.0 0.0 6.0 0.0 6.0 5.0 9.0 1.0 34.0 0.0 0.0 100000.0 100000.0 0.0 0.0 0.0 500.0 38.0 16.0 14.0 1.0 0.0 0.0 0.0 0.0 0.0 0.0 0.0 0.0 1.0 5.0 3.0
2.4857346940203398 2.0 1.0 0.0 0.0 0.0 2.0 1.0 6.0 4.0 9.0 3.0 19.0 0.0 20.0 17.0 4.0 4.0 12.0 17.0 0.0 46.0 8.0 6.0 3.0 1.0 1.0 0.0 0.0 0.0 0.0 0.0 0.0 1.0 5.0 3.0
-1.9348327264189926 2.0 1.0 0.0 0.0 0.0 6.0 0.0 6.0 5.0 9.0 1.0 33.0 0.0 0.0 100000.0 100000.0 0.0 0.0 0.0 0.0 37.0 19.0 17.0 2.0 0.0 0.0 0.0 0.0 0.0 0.0 0.0 0.0 1.0 5.0 3.0
-5.549979669639506 2.0 1.0 0.0 0.0 0.0 8.0 1.0 6.0 3.0 9.0 1.0 0.0 0.0 0.0 100000.0 100000.0 0.0 0.0 0.0 0.0 47.0 7.0 5.0 27.0 0.0 0.0 0.0 0.0 0.0 0.0 0.0 0.0 1.0 5.0 3.0
5.166726506051159 3.0 1.0 1.0 1.0 0.0 2.0 2.0 3.0 17.0 9.0 3.0 39.0 0.0 37.0 0.0 14.0 5.0 22.0 4.0 1000.0 59.0 4.0 1.0 0.0 0.0 1.0 0.0 0.0 1.0 0.0 0.0 0.0 1.0 7.0 15.0
-5.723890902986066 3.0 1.0 0.0 0.0 0.0 7.0 2.0 3.0 0.0 8.0 1.0 -1000.0 0.0 0.0 100000.0 100000.0 0.0 0.0 0.0 0.0 54.0 9.0 6.0 1.0 0.0 0.0 0.0 0.0 0.0 0.0 0.0 1.0 0.0 7.0 15.0
-2.555445379772742 3.0 1.0 0.0 0.0 0.0 2.0 1.0 3.0 18.0 1.0 1.0 -1000.0 0.0 2.0 403.0 100000.0 0.0 0.0 0.0 500.0 21.0 10.0 7.0 2.0 0.0 1.0 0.0 0.0 0.0 0.0 0.0 0.0 0.0 7.0 15.0
-7.5887649312014585 3.0 1.0 0.0 0.0 0.0 7.0 2.0 3.0 0.0 8.0 1.0 -1000.0 0.0 0.0 100000.0 100000.0 0.0 0.0 0.0 0.0 14.0 19.0 16.0 3.0 0.0 0.0 0.0 0.0 0.0 0.0 0.0 1.0 0.0 7.0 15.0
-1.6854144148380201 3.0 1.0 0.0 0.0 0.0 2.0 0.0 3.0 3.0 9.0 3.0 1.0 0.0 12.0 414.0 19.0 1.0 0.0 0.0 0.0 8.0 11.0 8.0 5.0 1.0 1.0 0.0 0.0 0.0 0.0 0.0 0.0 1.0 7.0 15.0
3.0428945584282223 2.0 1.0 0.0 0.0 0.0 1.0 0.0 2.0 11.0 9.0 3.0 2.0 0.0 4.0 10.0 1.0 4.0 1.0 1.0 1000.0 49.0 5.0 3.0 0.0 1.0 1.0 0.0 0.0 0.0 0.0 0.0 0.0 1.0 12.0 18.0
-2.4647146514764837 2.0 1.0 0.0 0.0 0.0 2.0 0.0 2.0 0.0 9.0 3.0 1.0 0.0 5.0 392.0 440.0 0.0 0.0 0.0 0.0 49.0 5.0 3.0 1.0 1.0 1.0 0.0 0.0 0.0 0.0 0.0 0.0 1.0 12.0 18.0
-4.139883547814833 2.0 1.0 0.0 0.0 0.0 5.0 0.0 2.0 0.0 3.0 1.0 -1000.0 0.0 0.0 100000.0 100000.0 0.0 0.0 0.0 250.0 30.0 24.0 22.0 19.0 0.0 0.0 0.0 1.0 0.0 0.0 0.0 0.0 0.0 12.0 18.0
-4.461649926048075 2.0 1.0 0.0 0.0 0.0 7.0 0.0 2.0 0.0 8.0 1.0 -1000.0 0.0 0.0 100000.0 100000.0 0.0 0.0 0.0 500.0 41.0 13.0 11.0 78.0 0.0 0.0 0.0 0.0 0.0 0.0 0.0 1.0 0.0 12.0 18.0
-4.61108214646136 2.0 1.0 0.0 0.0 0.0 7.0 0.0 2.0 0.0 8.0 1.0 -1000.0 0.0 0.0 100000.0 100000.0 0.0 0.0 0.0 500.0 41.0 13.0 11.0 79.0 0.0 0.0 0.0 0.0 0.0 0.0 0.0 1.0 0.0 12.0 18.0
4.492989405823288 3.0 1.0 0.0 0.0 0.0 2.0 0.0 2.0 0.0 9.0 3.0 19.0 0.0 11.0 11.0 17.0 2.0 1.0 2.0 0.0 53.0 10.0 7.0 0.0 1.0 1.0 0.0 0.0 0.0 0.0 0.0 0.0 1.0 6.0 4.0
-3.935980915028151 3.0 1.0 0.0 0.0 0.0 7.0 1.0 2.0 12.0 8.0 1.0 -1000.0 0.0 0.0 100000.0 100000.0 0.0 0.0 0.0 0.0 56.0 7.0 4.0 4.0 0.0 0.0 0.0 0.0 0.0 0.0 0.0 1.0 0.0 6.0 4.0
-5.459252523289655 3.0 1.0 0.0 0.0 0.0 7.0 0.0 2.0 0.0 8.0 1.0 -1000.0 0.0 0.0 100000.0 100000.0 0.0 0.0 0.0 0.0 50.0 11.0 8.0 3.0 0.0 0.0 0.0 0.0 0.0 0.0 0.0 1.0 0.0 6.0 4.0
-6.622898306889731 3.0 1.0 0.0 0.0 0.0 5.0 0.0 2.0 10.0 3.0 1.0 -1000.0 0.0 0.0 100000.0 100000.0 0.0 0.0 0.0 0.0 53.0 4.0 1.0 1.0 0.0 0.0 0.0 1.0 0.0 0.0 0.0 0.0 0.0 6.0 4.0
-7.19017934664154 3.0 1.0 0.0 0.0 0.0 5.0 0.0 2.0 10.0 3.0 1.0 -1000.0 0.0 0.0 100000.0 100000.0 0.0 0.0 0.0 0.0 46.0 11.0 8.0 2.0 0.0 0.0 0.0 1.0 0.0 0.0 0.0 0.0 0.0 6.0 4.0
-9.709826604248594 1.0 1.0 0.0 0.0 0.0 6.0 0.0 2.0 0.0 3.0 1.0 -1000.0 0.0 0.0 100000.0 100000.0 0.0 0.0 0.0 0.0 44.0 1.0 0.0 0.0 0.0 0.0 0.0 1.0 0.0 0.0 0.0 0.0 0.0 18.0 2.0
4.694108401535729 1.0 1.0 0.0 0.0 0.0 1.0 0.0 2.0 11.0 9.0 4.0 2.0 0.0 54.0 2.0 1.0 20.0 29.0 14.0 1000.0 41.0 4.0 3.0 5.0 1.0 1.0 0.0 1.0 0.0 0.0 0.0 0.0 1.0 18.0 2.0
-1.300368475175952 1.0 1.0 0.0 0.0 0.0 6.0 0.0 2.0 11.0 9.0 1.0 20.0 0.0 0.0 100000.0 100000.0 0.0 0.0 0.0 1000.0 41.0 5.0 4.0 1.0 0.0 0.0 0.0 0.0 0.0 0.0 0.0 0.0 1.0 18.0 2.0
-0.9561308302920281 1.0 1.0 0.0 0.0 0.0 2.0 0.0 2.0 11.0 0.0 3.0 -1000.0 0.0 11.0 24.0 2.0 7.0 0.0 5.0 0.0 41.0 4.0 3.0 26.0 1.0 1.0 0.0 1.0 0.0 0.0 0.0 0.0 0.0 18.0 2.0
-1.965859126919332 1.0 1.0 0.0 0.0 0.0 6.0 1.0 2.0 16.0 9.0 2.0 1.0 0.0 8.0 72.0 100000.0 0.0 0.0 0.0 0.0 39.0 6.0 5.0 7.0 0.0 0.0 0.0 0.0 1.0 0.0 0.0 0.0 1.0 18.0 2.0
3.3520434313919862 3.0 1.0 1.0 1.0 0.0 6.0 2.0 3.0 17.0 9.0 1.0 39.0 0.0 4.0 0.0 12.0 2.0 2.0 1.0 1000.0 60.0 3.0 0.0 0.0 0.0 0.0 0.0 0.0 0.0 0.0 0.0 0.0 1.0 7.0 5.0
-2.8868739523356584 3.0 1.0 0.0 0.0 0.0 8.0 0.0 3.0 3.0 9.0 1.0 0.0 0.0 0.0 100000.0 100000.0 0.0 0.0 0.0 500.0 22.0 9.0 6.0 1.0 0.0 0.0 0.0 0.0 0.0 0.0 0.0 0.0 1.0 7.0 5.0
-4.793229915744895 3.0 1.0 0.0 0.0 0.0 8.0 0.0 3.0 3.0 9.0 1.0 0.0 0.0 0.0 100000.0 100000.0 0.0 0.0 0.0 333.0 16.0 15.0 12.0 2.0 0.0 0.0 0.0 0.0 0.0 0.0 0.0 0.0 1.0 7.0 5.0
-5.365900475551744 3.0 1.0 0.0 0.0 0.0 8.0 0.0 3.0 3.0 9.0 1.0 0.0 0.0 0.0 100000.0 100000.0 0.0 0.0 0.0 0.0 -10.0 23.0 20.0 4.0 0.0 0.0 0.0 0.0 0.0 0.0 0.0 0.0 1.0 7.0 5.0
-5.702922807902698 3.0 1.0 0.0 0.0 0.0 8.0 0.0 3.0 3.0 9.0 1.0 0.0 0.0 0.0 100000.0 100000.0 0.0 0.0 0.0 0.0 4.0 21.0 18.0 3.0 0.0 0.0 0.0 0.0 0.0 0.0 0.0 0.0 1.0 7.0 5.0
4.39605685266198 1.0 1.0 0.0 0.0 0.0 2.0 1.0 1.0 3.0 9.0 2.0 0.0 0.0 86.0 1.0 46.0 28.0 79.0 85.0 1000.0 42.0 3.0 2.0 0.0 0.0 1.0 0.0 0.0 0.0 0.0 0.0 0.0 1.0 5.0 3.0
-2.596215368359325 1.0 1.0 0.0 0.0 0.0 7.0 1.0 1.0 3.0 9.0 2.0 0.0 0.0 0.0 100000.0 100000.0 0.0 0.0 0.0 0.0 42.0 3.0 2.0 1.0 0.0 0.0 0.0 0.0 0.0 0.0 0.0 1.0 1.0 5.0 3.0
-4.162198122650724 1.0 1.0 0.0 0.0 0.0 7.0 1.0 1.0 4.0 9.0 2.0 0.0 0.0 0.0 100000.0 100000.0 0.0 0.0 0.0 0.0 35.0 10.0 9.0 4.0 0.0 0.0 0.0 0.0 0.0 0.0 0.0 1.0 1.0 5.0 3.0
-3.4032361342190685 1.0 1.0 0.0 0.0 0.0 2.0 1.0 1.0 18.0 1.0 1.0 -1000.0 0.0 2.0 70.0 51.0 0.0 0.0 0.0 500.0 41.0 4.0 3.0 12.0 0.0 1.0 0.0 0.0 0.0 0.0 0.0 0.0 0.0 5.0 3.0
-5.711736875332567 1.0 1.0 0.0 0.0 0.0 7.0 0.0 1.0 0.0 8.0 1.0 -1000.0 0.0 0.0 100000.0 100000.0 0.0 0.0 0.0 500.0 35.0 10.0 9.0 11.0 0.0 0.0 0.0 0.0 0.0 0.0 0.0 1.0 0.0 5.0 3.0
3.823388533664368 3.0 1.0 0.0 0.0 0.0 1.0 0.0 1.0 11.0 9.0 4.0 2.0 0.0 45.0 6.0 32.0 4.0 1.0 23.0 0.0 54.0 9.0 6.0 0.0 1.0 1.0 0.0 0.0 0.0 0.0 0.0 1.0 1.0 18.0 2.0
-2.8838440322676147 3.0 1.0 0.0 0.0 0.0 3.0 0.0 1.0 0.0 9.0 3.0 0.0 0.0 2.0 30.0 100000.0 1.0 0.0 0.0 0.0 57.0 6.0 3.0 2.0 0.0 0.0 1.0 1.0 0.0 0.0 0.0 0.0 1.0 18.0 2.0
-5.694479158945036 3.0 1.0 0.0 0.0 0.0 2.0 0.0 1.0 0.0 9.0 3.0 0.0 0.0 10.0 100000.0 86.0 0.0 0.0 0.0 0.0 56.0 7.0 4.0 1.0 1.0 1.0 0.0 0.0 0.0 0.0 0.0 0.0 1.0 18.0 2.0
-7.056032842916773 3.0 1.0 0.0 0.0 0.0 7.0 0.0 1.0 0.0 9.0 2.0 0.0 0.0 0.0 100000.0 100000.0 0.0 0.0 0.0 0.0 51.0 12.0 9.0 5.0 0.0 0.0 0.0 0.0 0.0 0.0 0.0 1.0 1.0 18.0 2.0
-7.058507493590624 3.0 1.0 0.0 0.0 0.0 7.0 0.0 1.0 0.0 9.0 2.0 0.0 0.0 0.0 100000.0 100000.0 0.0 0.0 0.0 0.0 52.0 11.0 8.0 3.0 0.0 0.0 0.0 0.0 0.0 0.0 0.0 1.0 1.0 18.0 2.0
4.214857543314107 1.0 1.0 0.0 0.0 0.0 1.0 0.0 2.0 11.0 9.0 4.0 20.0 0.0 83.0 8.0 1.0 13.0 2.0 26.0 1000.0 42.0 3.0 2.0 0.0 1.0 1.0 0.0 1.0 0.0 0.0 0.0 0.0 1.0 18.0 2.0
-1.837615066541453 1.0 1.0 0.0 0.0 0.0 2.0 1.0 2.0 18.0 1.0 1.0 -1000.0 0.0 27.0 7.0 5.0 3.0 0.0 9.0 0.0 35.0 10.0 9.0 229.0 0.0 1.0 0.0 0.0 0.0 0.0 0.0 0.0 0.0 18.0 2.0
-2.567213306450903 1.0 1.0 0.0 0.0 0.0 2.0 0.0 2.0 0.0 8.0 2.0 -1000.0 0.0 13.0 65.0 19.0 1.0 0.0 0.0 0.0 43.0 2.0 1.0 10.0 0.0 1.0 0.0 0.0 0.0 0.0 0.0 1.0 0.0 18.0 2.0
-3.352164878132178 1.0 1.0 0.0 0.0 0.0 2.0 0.0 2.0 10.0 9.0 3.0 1.0 0.0 5.0 377.0 306.0 0.0 0.0 0.0 333.0 28.0 15.0 14.0 3.0 1.0 1.0 0.0 0.0 0.0 0.0 0.0 0.0 1.0 18.0 2.0
-2.5205579827619147 1.0 1.0 0.0 0.0 0.0 2.0 0.0 2.0 11.0 0.0 3.0 -1000.0 0.0 11.0 20.0 133.0 1.0 0.0 2.0 0.0 42.0 3.0 2.0 11.0 1.0 1.0 0.0 1.0 0.0 0.0 0.0 0.0 0.0 18.0 2.0
3.5463871090273775 2.0 1.0 1.0 1.0 0.0 2.0 0.0 3.0 3.0 9.0 3.0 1.0 0.0 31.0 5.0 0.0 8.0 18.0 7.0 1000.0 48.0 6.0 4.0 0.0 0.0 1.0 0.0 1.0 0.0 0.0 0.0 0.0 1.0 7.0 15.0
1.1007857100080234 2.0 1.0 1.0 1.0 0.0 2.0 0.0 3.0 3.0 9.0 2.0 1.0 0.0 10.0 10.0 39.0 2.0 0.0 1.0 1000.0 50.0 4.0 2.0 1.0 0.0 1.0 0.0 0.0 0.0 0.0 0.0 0.0 1.0 7.0 15.0
-1.5091524280556337 2.0 1.0 1.0 1.0 0.0 2.0 0.0 3.0 4.0 9.0 3.0 1.0 0.0 1.0 250.0 100000.0 0.0 0.0 0.0 0.0 46.0 8.0 6.0 2.0 0.0 1.0 0.0 1.0 0.0 0.0 0.0 0.0 1.0 7.0 15.0
-3.199157686932152 2.0 0.0 1.0 1.0 0.0 2.0 1.0 3.0 12.0 9.0 4.0 1.0 0.0 143.0 1.0 4.0 20.0 0.0 4.0 1000.0 48.0 4.0 2.0 3.0 1.0 1.0 0.0 1.0 0.0 0.0 0.0 0.0 1.0 7.0 15.0
-0.7334812653712341 2.0 1.0 0.0 0.0 0.0 2.0 1.0 3.0 18.0 4.0 2.0 -1000.0 0.0 36.0 32.0 9.0 3.0 1.0 0.0 0.0 50.0 4.0 2.0 9.0 0.0 1.0 0.0 0.0 1.0 0.0 0.0 0.0 0.0 7.0 15.0
4.49395878982264 1.0 1.0 1.0 1.0 0.0 1.0 0.0 6.0 11.0 9.0 4.0 40.0 0.0 99.0 3.0 17.0 4.0 3.0 6.0 1000.0 41.0 4.0 3.0 0.0 1.0 1.0 0.0 1.0 0.0 0.0 0.0 0.0 1.0 18.0 18.0
-7.488540411431772 1.0 1.0 0.0 0.0 0.0 6.0 0.0 6.0 0.0 3.0 1.0 -1000.0 0.0 2.0 100000.0 719.0 0.0 0.0 0.0 0.0 44.0 1.0 0.0 1.0 0.0 0.0 0.0 1.0 0.0 0.0 0.0 0.0 0.0 18.0 18.0
-3.7233626411072422 1.0 1.0 0.0 0.0 0.0 5.0 0.0 6.0 0.0 3.0 1.0 -1000.0 0.0 0.0 100000.0 100000.0 0.0 0.0 0.0 1000.0 34.0 11.0 10.0 103.0 0.0 0.0 0.0 1.0 0.0 0.0 0.0 0.0 0.0 18.0 18.0
0.06771295478074671 1.0 1.0 0.0 0.0 0.0 2.0 0.0 6.0 0.0 9.0 4.0 1.0 0.0 44.0 0.0 56.0 2.0 0.0 0.0 1000.0 41.0 4.0 3.0 5.0 1.0 1.0 0.0 1.0 0.0 0.0 0.0 0.0 1.0 18.0 18.0
-3.9711852216396504 1.0 1.0 0.0 0.0 0.0 7.0 0.0 6.0 0.0 9.0 1.0 18.0 0.0 0.0 100000.0 100000.0 0.0 0.0 0.0 500.0 30.0 16.0 15.0 3.0 0.0 0.0 0.0 0.0 0.0 0.0 0.0 0.0 1.0 18.0 18.0
-7.542035032255274 2.0 1.0 0.0 0.0 0.0 6.0 0.0 2.0 0.0 3.0 1.0 -1000.0 0.0 0.0 100000.0 100000.0 0.0 0.0 0.0 0.0 52.0 2.0 0.0 0.0 0.0 0.0 0.0 1.0 0.0 0.0 0.0 0.0 0.0 32.0 2.0
1.8013415132404977 2.0 1.0 0.0 0.0 0.0 2.0 0.0 2.0 11.0 9.0 3.0 2.0 0.0 8.0 1.0 3.0 8.0 0.0 0.0 1000.0 48.0 6.0 4.0 2.0 1.0 1.0 0.0 0.0 0.0 0.0 0.0 0.0 1.0 32.0 2.0
-2.6917576239744494 2.0 1.0 0.0 0.0 0.0 2.0 1.0 2.0 18.0 1.0 1.0 -1000.0 0.0 1.0 59.0 100000.0 0.0 0.0 0.0 1000.0 46.0 6.0 4.0 65.0 0.0 1.0 0.0 0.0 0.0 0.0 0.0 0.0 0.0 32.0 2.0
-6.313412205370421 2.0 1.0 0.0 0.0 0.0 7.0 0.0 2.0 0.0 9.0 2.0 18.0 0.0 0.0 100000.0 100000.0 0.0 0.0 0.0 0.0 46.0 8.0 6.0 1.0 0.0 0.0 0.0 0.0 0.0 0.0 0.0 1.0 1.0 32.0 2.0
-2.8405953905701633 2.0 1.0 0.0 0.0 0.0 7.0 1.0 2.0 12.0 8.0 1.0 -1000.0 0.0 2.0 100000.0 110.0 0.0 0.0 0.0 0.0 47.0 7.0 5.0 70.0 0.0 0.0 0.0 0.0 0.0 0.0 0.0 1.0 0.0 32.0 2.0
2.5134635606246714 3.0 1.0 1.0 1.0 0.0 6.0 1.0 2.0 3.0 9.0 1.0 1.0 0.0 38.0 45.0 100000.0 0.0 8.0 11.0 0.0 60.0 3.0 0.0 0.0 0.0 0.0 0.0 0.0 0.0 0.0 0.0 0.0 1.0 36.0 5.0
-5.323230633673356 3.0 1.0 0.0 0.0 0.0 8.0 1.0 2.0 3.0 9.0 1.0 0.0 0.0 0.0 100000.0 100000.0 0.0 0.0 0.0 0.0 22.0 9.0 6.0 1.0 0.0 0.0 0.0 0.0 0.0 0.0 0.0 0.0 1.0 36.0 5.0
-6.126671145419904 3.0 1.0 0.0 0.0 0.0 8.0 1.0 2.0 3.0 9.0 1.0 0.0 0.0 0.0 100000.0 100000.0 0.0 0.0 0.0 0.0 16.0 15.0 12.0 2.0 0.0 0.0 0.0 0.0 0.0 0.0 0.0 0.0 1.0 36.0 5.0
-6.1428625610040895 3.0 1.0 0.0 0.0 0.0 8.0 1.0 2.0 3.0 9.0 1.0 0.0 0.0 0.0 100000.0 100000.0 0.0 0.0 0.0 0.0 -10.0 23.0 20.0 4.0 0.0 0.0 0.0 0.0 0.0 0.0 0.0 0.0 1.0 36.0 5.0
-6.618973525875159 3.0 1.0 0.0 0.0 0.0 8.0 1.0 2.0 3.0 9.0 1.0 0.0 0.0 0.0 100000.0 100000.0 0.0 0.0 0.0 0.0 4.0 21.0 18.0 3.0 0.0 0.0 0.0 0.0 0.0 0.0 0.0 0.0 1.0 36.0 5.0
2.7992832761737825 0.0 1.0 1.0 1.0 0.0 6.0 0.0 6.0 5.0 9.0 1.0 21.0 0.0 0.0 100000.0 100000.0 0.0 0.0 0.0 0.0 0.0 13.0 13.0 0.0 0.0 0.0 0.0 0.0 0.0 0.0 0.0 0.0 1.0 4.0 3.0
2.3394980431358627 0.0 1.0 0.0 0.0 0.0 2.0 1.0 6.0 4.0 9.0 3.0 6.0 0.0 75.0 20.0 5.0 6.0 23.0 55.0 0.0 0.0 5.0 5.0 11.0 1.0 1.0 0.0 0.0 0.0 0.0 0.0 0.0 1.0 4.0 3.0
2.258515378159749 0.0 1.0 0.0 0.0 0.0 2.0 1.0 6.0 4.0 9.0 3.0 1.0 0.0 18.0 10.0 66.0 1.0 2.0 13.0 1000.0 0.0 4.0 4.0 80.0 1.0 1.0 0.0 0.0 0.0 0.0 0.0 0.0 1.0 4.0 3.0
1.3818616989890684 0.0 1.0 0.0 0.0 0.0 2.0 1.0 6.0 3.0 9.0 2.0 1.0 0.0 11.0 426.0 6.0 3.0 6.0 10.0 0.0 0.0 4.0 4.0 84.0 0.0 1.0 0.0 0.0 0.0 0.0 0.0 0.0 1.0 4.0 3.0
0.5432255694492305 0.0 1.0 0.0 0.0 0.0 1.0 0.0 6.0 11.0 9.0 3.0 2.0 0.0 62.0 8.0 7.0 8.0 12.0 0.0 0.0 0.0 6.0 6.0 13.0 1.0 1.0 0.0 0.0 0.0 0.0 0.0 0.0 1.0 4.0 3.0
1.3861261727293908 2.0 1.0 1.0 1.0 0.0 6.0 0.0 5.0 12.0 9.0 1.0 1.0 0.0 0.0 100000.0 100000.0 0.0 0.0 0.0 500.0 42.0 12.0 10.0 0.0 0.0 0.0 0.0 0.0 0.0 0.0 0.0 0.0 1.0 25.0 3.0
1.302301784643751 2.0 1.0 1.0 1.0 0.0 6.0 0.0 5.0 4.0 9.0 1.0 1.0 0.0 0.0 100000.0 100000.0 0.0 0.0 0.0 1000.0 5.0 17.0 15.0 1.0 0.0 0.0 0.0 0.0 0.0 0.0 0.0 0.0 1.0 25.0 3.0
-1.971602473215093 2.0 1.0 1.0 1.0 0.0 6.0 0.0 5.0 12.0 9.0 1.0 1.0 0.0 0.0 100000.0 100000.0 0.0 0.0 0.0 0.0 6.0 12.0 10.0 2.0 0.0 0.0 0.0 0.0 0.0 0.0 0.0 0.0 1.0 25.0 3.0
2.7377499874706444 3.0 1.0 0.0 0.0 0.0 2.0 1.0 6.0 4.0 9.0 3.0 1.0 0.0 20.0 7.0 1.0 5.0 3.0 14.0 1000.0 52.0 11.0 8.0 0.0 1.0 1.0 0.0 0.0 0.0 0.0 0.0 0.0 1.0 5.0 3.0
-5.06708389142626 3.0 1.0 0.0 0.0 0.0 7.0 1.0 6.0 3.0 8.0 1.0 -1000.0 0.0 0.0 100000.0 100000.0 0.0 0.0 0.0 0.0 53.0 10.0 7.0 2.0 0.0 0.0 0.0 0.0 0.0 0.0 0.0 1.0 0.0 5.0 3.0
-5.965820818241596 3.0 1.0 0.0 0.0 0.0 5.0 0.0 6.0 10.0 3.0 1.0 -1000.0 0.0 0.0 100000.0 100000.0 0.0 0.0 0.0 0.0 45.0 14.0 11.0 1.0 0.0 0.0 0.0 1.0 0.0 0.0 0.0 0.0 0.0 5.0 3.0
-7.590148908875213 3.0 0.0 0.0 0.0 0.0 2.0 0.0 6.0 0.0 3.0 2.0 -1000.0 0.0 10.0 0.0 100000.0 6.0 1.0 0.0 1000.0 50.0 11.0 8.0 4.0 0.0 1.0 0.0 1.0 0.0 0.0 0.0 0.0 0.0 5.0 3.0
-7.998361838506709 3.0 0.0 0.0 0.0 0.0 5.0 0.0 6.0 0.0 3.0 1.0 -1000.0 0.0 0.0 100000.0 100000.0 0.0 0.0 0.0 500.0 45.0 16.0 13.0 5.0 0.0 0.0 0.0 1.0 0.0 0.0 0.0 0.0 0.0 5.0 3.0
-1.7466057894865104 0.0 1.0 1.0 1.0 0.0 2.0 0.0 2.0 5.0 9.0 3.0 21.0 0.0 4.0 331.0 152.0 0.0 0.0 0.0 0.0 0.0 4.0 4.0 0.0 0.0 1.0 0.0 0.0 1.0 0.0 0.0 0.0 1.0 6.0 3.0
3.9816335220341825 0.0 1.0 0.0 0.0 0.0 2.0 1.0 2.0 12.0 9.0 3.0 1.0 0.0 114.0 31.0 27.0 1.0 20.0 101.0 0.0 0.0 5.0 5.0 109.0 1.0 1.0 0.0 0.0 0.0 0.0 0.0 0.0 1.0 6.0 3.0
2.3040783087822447 0.0 1.0 0.0 0.0 0.0 2.0 1.0 2.0 3.0 9.0 2.0 6.0 0.0 177.0 1.0 5.0 8.0 52.0 144.0 1000.0 0.0 7.0 7.0 29.0 0.0 1.0 0.0 0.0 0.0 0.0 0.0 0.0 1.0 6.0 3.0
2.137401493061309 0.0 1.0 0.0 0.0 0.0 2.0 1.0 2.0 12.0 9.0 2.0 1.0 0.0 57.0 4.0 281.0 1.0 4.0 27.0 0.0 0.0 4.0 4.0 110.0 0.0 1.0 0.0 0.0 0.0 0.0 0.0 0.0 1.0 6.0 3.0
0.6460745838803764 0.0 1.0 0.0 0.0 0.0 6.0 1.0 2.0 16.0 9.0 2.0 1.0 0.0 25.0 277.0 1.0 3.0 6.0 0.0 1000.0 0.0 5.0 5.0 97.0 0.0 0.0 0.0 0.0 1.0 0.0 0.0 0.0 1.0 6.0 3.0
5.384292354660354 1.0 1.0 1.0 1.0 0.0 0.0 0.0 7.0 1.0 9.0 3.0 1.0 0.0 345.0 1.0 1.0 7.0 172.0 170.0 1000.0 40.0 5.0 4.0 0.0 0.0 1.0 0.0 0.0 0.0 0.0 1.0 0.0 1.0 2.0 18.0
2.8576322759353188 1.0 1.0 1.0 1.0 0.0 0.0 0.0 7.0 1.0 9.0 2.0 1.0 0.0 111.0 47.0 201.0 0.0 111.0 111.0 500.0 36.0 9.0 8.0 1.0 0.0 1.0 0.0 0.0 0.0 0.0 0.0 0.0 1.0 2.0 18.0
2.7809778539798424 1.0 1.0 1.0 1.0 0.0 0.0 0.0 7.0 1.0 9.0 3.0 1.0 0.0 6.0 53.0 31.0 0.0 4.0 4.0 0.0 41.0 4.0 3.0 3.0 0.0 1.0 0.0 0.0 0.0 0.0 1.0 0.0 1.0 2.0 18.0
0.7976133557096601 1.0 1.0 1.0 1.0 0.0 0.0 0.0 7.0 1.0 9.0 3.0 1.0 0.0 23.0 175.0 284.0 0.0 22.0 1.0 0.0 37.0 8.0 7.0 2.0 0.0 1.0 0.0 0.0 0.0 0.0 1.0 0.0 1.0 2.0 18.0
-0.7880379080180554 1.0 1.0 1.0 1.0 0.0 0.0 0.0 7.0 1.0 9.0 1.0 1.0 0.0 0.0 100000.0 100000.0 0.0 0.0 0.0 0.0 37.0 8.0 7.0 4.0 0.0 0.0 0.0 0.0 0.0 0.0 0.0 0.0 1.0 2.0 18.0
3.5314820181208413 2.0 1.0 0.0 0.0 0.0 0.0 0.0 7.0 1.0 9.0 3.0 6.0 0.0 33.0 41.0 313.0 0.0 31.0 27.0 0.0 46.0 8.0 6.0 0.0 0.0 1.0 0.0 0.0 0.0 0.0 1.0 0.0 1.0 2.0 18.0
0.29638505218231703 2.0 1.0 0.0 0.0 0.0 0.0 0.0 7.0 1.0 9.0 3.0 0.0 0.0 9.0 1174.0 148.0 0.0 6.0 0.0 0.0 47.0 7.0 5.0 1.0 0.0 1.0 0.0 0.0 0.0 0.0 1.0 0.0 1.0 2.0 18.0
-3.9559090943970214 2.0 1.0 0.0 0.0 0.0 6.0 0.0 7.0 5.0 7.0 1.0 -1000.0 0.0 0.0 100000.0 100000.0 0.0 0.0 0.0 500.0 44.0 8.0 6.0 66.0 0.0 0.0 0.0 0.0 0.0 0.0 1.0 0.0 0.0 2.0 18.0
-3.9559090943970214 2.0 1.0 0.0 0.0 0.0 6.0 0.0 7.0 5.0 7.0 1.0 -1000.0 0.0 0.0 100000.0 100000.0 0.0 0.0 0.0 500.0 44.0 8.0 6.0 70.0 0.0 0.0 0.0 0.0 0.0 0.0 1.0 0.0 0.0 2.0 18.0
-3.5869318500405383 2.0 1.0 0.0 0.0 0.0 2.0 1.0 7.0 18.0 1.0 1.0 -1000.0 0.0 1.0 439.0 100000.0 0.0 1.0 1.0 0.0 42.0 12.0 10.0 174.0 0.0 1.0 0.0 0.0 0.0 0.0 0.0 0.0 0.0 2.0 18.0
2.6411409178935448 3.0 1.0 0.0 0.0 0.0 2.0 1.0 6.0 4.0 8.0 2.0 -1000.0 0.0 1.0 3.0 100000.0 1.0 1.0 1.0 1000.0 55.0 8.0 5.0 2.0 0.0 1.0 0.0 0.0 0.0 0.0 0.0 1.0 0.0 18.0 3.0
-2.74599837156965 3.0 1.0 0.0 0.0 0.0 7.0 0.0 6.0 10.0 8.0 1.0 -1000.0 0.0 0.0 100000.0 100000.0 0.0 0.0 0.0 500.0 51.0 8.0 5.0 1.0 0.0 0.0 0.0 0.0 0.0 0.0 0.0 1.0 0.0 18.0 3.0
-3.4002535394884945 3.0 1.0 0.0 0.0 0.0 5.0 0.0 6.0 10.0 3.0 1.0 -1000.0 0.0 0.0 100000.0 100000.0 0.0 0.0 0.0 500.0 47.0 12.0 9.0 0.0 0.0 0.0 0.0 1.0 0.0 0.0 0.0 0.0 0.0 18.0 3.0
-3.1151875582262107 3.0 1.0 0.0 0.0 0.0 7.0 1.0 6.0 3.0 8.0 1.0 -1000.0 0.0 0.0 100000.0 100000.0 0.0 0.0 0.0 500.0 53.0 10.0 7.0 5.0 0.0 0.0 0.0 0.0 0.0 0.0 0.0 1.0 0.0 18.0 3.0
-3.188578088519082 3.0 1.0 0.0 0.0 0.0 7.0 1.0 6.0 3.0 8.0 1.0 -1000.0 0.0 0.0 100000.0 100000.0 0.0 0.0 0.0 500.0 52.0 11.0 8.0 6.0 0.0 0.0 0.0 0.0 0.0 0.0 0.0 1.0 0.0 18.0 3.0
2.137114632782456 0.0 1.0 1.0 1.0 0.0 6.0 0.0 5.0 12.0 9.0 1.0 1.0 0.0 9.0 100000.0 3.0 4.0 3.0 7.0 500.0 0.0 12.0 12.0 13.0 0.0 0.0 0.0 0.0 0.0 0.0 0.0 0.0 1.0 25.0 3.0
2.3829646900433437 0.0 1.0 1.0 1.0 0.0 0.0 0.0 5.0 12.0 9.0 2.0 1.0 0.0 6.0 100000.0 6.0 4.0 4.0 6.0 0.0 0.0 14.0 14.0 0.0 0.0 0.0 0.0 0.0 0.0 1.0 0.0 0.0 1.0 25.0 3.0
1.9250971097670921 0.0 1.0 1.0 1.0 0.0 6.0 0.0 5.0 12.0 9.0 1.0 1.0 0.0 27.0 100000.0 1.0 2.0 2.0 24.0 1000.0 0.0 4.0 4.0 10.0 0.0 0.0 0.0 0.0 0.0 0.0 0.0 0.0 1.0 25.0 3.0
1.0836536407607547 0.0 1.0 1.0 1.0 0.0 0.0 0.0 5.0 12.0 9.0 2.0 1.0 0.0 2.0 100000.0 11.0 1.0 1.0 2.0 0.0 0.0 14.0 14.0 1.0 0.0 0.0 0.0 0.0 0.0 1.0 0.0 0.0 1.0 25.0 3.0
1.4281530944873757 0.0 1.0 1.0 1.0 0.0 6.0 0.0 5.0 12.0 9.0 1.0 1.0 0.0 64.0 2.0 94.0 2.0 2.0 64.0 1000.0 0.0 3.0 3.0 9.0 0.0 0.0 0.0 0.0 0.0 0.0 0.0 0.0 1.0 25.0 3.0
4.573779859605562 1.0 1.0 0.0 0.0 0.0 2.0 0.0 1.0 0.0 9.0 2.0 1.0 0.0 98.0 11.0 12.0 6.0 86.0 95.0 0.0 39.0 6.0 5.0 2.0 0.0 1.0 0.0 0.0 0.0 0.0 0.0 0.0 1.0 18.0 18.0
4.094128891963139 1.0 1.0 0.0 0.0 0.0 2.0 0.0 1.0 0.0 9.0 3.0 1.0 0.0 4.0 32.0 210.0 0.0 4.0 4.0 500.0 35.0 10.0 9.0 7.0 0.0 1.0 0.0 1.0 0.0 0.0 0.0 0.0 1.0 18.0 18.0
1.7012229338464162 1.0 1.0 0.0 0.0 0.0 2.0 0.0 1.0 0.0 9.0 3.0 1.0 0.0 29.0 100000.0 28.0 1.0 26.0 23.0 500.0 32.0 13.0 12.0 4.0 0.0 1.0 0.0 1.0 0.0 0.0 0.0 0.0 1.0 18.0 18.0
0.276079514315527 1.0 1.0 0.0 0.0 0.0 2.0 0.0 1.0 0.0 8.0 2.0 -1000.0 0.0 1.0 100000.0 1.0 1.0 0.0 0.0 1000.0 32.0 13.0 12.0 45.0 0.0 1.0 0.0 0.0 0.0 0.0 0.0 1.0 0.0 18.0 18.0
-2.556631606617519 1.0 1.0 0.0 0.0 0.0 7.0 0.0 1.0 0.0 8.0 1.0 -1000.0 0.0 1.0 1.0 100000.0 1.0 0.0 0.0 1000.0 37.0 6.0 5.0 381.0 0.0 0.0 0.0 0.0 0.0 0.0 0.0 1.0 0.0 18.0 18.0
3.489793272154411 2.0 1.0 1.0 1.0 0.0 0.0 1.0 7.0 12.0 9.0 3.0 1.0 0.0 7.0 63.0 100000.0 0.0 7.0 7.0 0.0 47.0 7.0 5.0 0.0 0.0 1.0 0.0 0.0 0.0 0.0 1.0 0.0 1.0 3.0 3.0
0.7347288707376869 2.0 1.0 1.0 1.0 0.0 0.0 1.0 7.0 12.0 9.0 2.0 1.0 0.0 0.0 100000.0 100000.0 0.0 0.0 0.0 500.0 42.0 12.0 10.0 1.0 0.0 0.0 0.0 0.0 0.0 0.0 1.0 0.0 1.0 3.0 3.0
-0.7593574866007335 2.0 1.0 0.0 0.0 0.0 2.0 1.0 7.0 18.0 1.0 1.0 -1000.0 0.0 8.0 0.0 100000.0 1.0 1.0 7.0 1000.0 46.0 6.0 4.0 2.0 0.0 1.0 0.0 0.0 0.0 0.0 0.0 0.0 0.0 3.0 3.0
1.1726560830456596 2.0 1.0 0.0 0.0 0.0 2.0 1.0 7.0 18.0 1.0 1.0 -1000.0 0.0 16.0 63.0 0.0 1.0 7.0 15.0 1000.0 13.0 9.0 7.0 4.0 0.0 1.0 0.0 0.0 0.0 0.0 0.0 0.0 0.0 3.0 3.0
-0.9842829266304206 2.0 1.0 1.0 1.0 0.0 0.0 1.0 7.0 12.0 9.0 2.0 1.0 0.0 0.0 100000.0 100000.0 0.0 0.0 0.0 0.0 8.0 16.0 14.0 3.0 0.0 0.0 0.0 0.0 0.0 0.0 1.0 0.0 1.0 3.0 3.0
4.2471654567295465 3.0 1.0 1.0 1.0 0.0 0.0 0.0 7.0 1.0 9.0 3.0 6.0 0.0 84.0 33.0 100000.0 0.0 73.0 70.0 0.0 55.0 8.0 5.0 0.0 0.0 1.0 0.0 0.0 0.0 0.0 1.0 0.0 1.0 18.0 18.0
0.41534038900980874 3.0 1.0 1.0 1.0 0.0 0.0 0.0 7.0 1.0 9.0 2.0 6.0 0.0 6.0 234.0 100000.0 0.0 0.0 6.0 0.0 51.0 12.0 9.0 1.0 0.0 0.0 0.0 0.0 0.0 0.0 1.0 0.0 1.0 18.0 18.0
-0.72486375059266 3.0 1.0 1.0 1.0 0.0 0.0 0.0 7.0 1.0 9.0 2.0 6.0 0.0 0.0 100000.0 100000.0 0.0 0.0 0.0 333.0 49.0 14.0 11.0 2.0 0.0 0.0 0.0 0.0 0.0 0.0 1.0 0.0 1.0 18.0 18.0
-4.860527480296596 3.0 1.0 0.0 0.0 0.0 6.0 0.0 7.0 5.0 7.0 1.0 -1000.0 0.0 0.0 100000.0 100000.0 0.0 0.0 0.0 0.0 57.0 4.0 1.0 4.0 0.0 0.0 0.0 0.0 0.0 0.0 1.0 0.0 0.0 18.0 18.0
-5.182913837785804 3.0 1.0 0.0 0.0 0.0 6.0 0.0 7.0 9.0 7.0 1.0 -1000.0 0.0 0.0 100000.0 100000.0 0.0 0.0 0.0 0.0 59.0 4.0 1.0 3.0 0.0 0.0 0.0 0.0 0.0 0.0 1.0 0.0 0.0 18.0 18.0
4.20353814126293 1.0 1.0 1.0 1.0 0.0 6.0 0.0 6.0 5.0 9.0 1.0 21.0 0.0 0.0 100000.0 100000.0 0.0 0.0 0.0 1000.0 36.0 9.0 8.0 0.0 0.0 0.0 0.0 0.0 0.0 0.0 0.0 0.0 1.0 5.0 3.0
1.7432373214089694 1.0 1.0 1.0 1.0 0.0 6.0 0.0 6.0 5.0 9.0 1.0 21.0 0.0 0.0 100000.0 100000.0 0.0 0.0 0.0 1000.0 33.0 12.0 11.0 3.0 0.0 0.0 0.0 0.0 0.0 0.0 0.0 0.0 1.0 5.0 3.0
1.4649454306615637 1.0 1.0 1.0 1.0 0.0 6.0 0.0 6.0 5.0 9.0 1.0 21.0 0.0 0.0 100000.0 100000.0 0.0 0.0 0.0 500.0 35.0 10.0 9.0 1.0 0.0 0.0 0.0 0.0 0.0 0.0 0.0 0.0 1.0 5.0 3.0
0.6340445818463974 1.0 1.0 1.0 1.0 0.0 6.0 0.0 6.0 5.0 9.0 1.0 21.0 0.0 0.0 100000.0 100000.0 0.0 0.0 0.0 500.0 34.0 11.0 10.0 2.0 0.0 0.0 0.0 0.0 0.0 0.0 0.0 0.0 1.0 5.0 3.0
-9.422168609853808 1.0 1.0 0.0 0.0 0.0 6.0 0.0 6.0 0.0 3.0 1.0 -1000.0 0.0 0.0 100000.0 100000.0 0.0 0.0 0.0 0.0 44.0 1.0 0.0 4.0 0.0 0.0 0.0 1.0 0.0 0.0 0.0 0.0 0.0 5.0 3.0
1.9636110416899009 2.0 1.0 0.0 0.0 0.0 1.0 0.0 2.0 11.0 9.0 4.0 2.0 0.0 42.0 6.0 100000.0 1.0 0.0 2.0 0.0 49.0 5.0 3.0 0.0 1.0 1.0 0.0 0.0 0.0 0.0 0.0 1.0 1.0 35.0 8.0
-0.8947096456987608 2.0 1.0 0.0 0.0 0.0 2.0 0.0 2.0 11.0 0.0 4.0 -1000.0 0.0 110.0 0.0 1.0 3.0 0.0 0.0 1000.0 50.0 4.0 2.0 1.0 1.0 1.0 1.0 1.0 0.0 0.0 0.0 0.0 0.0 35.0 8.0
-4.41852580179984 2.0 1.0 0.0 0.0 0.0 5.0 0.0 2.0 0.0 3.0 1.0 -1000.0 0.0 0.0 100000.0 100000.0 0.0 0.0 0.0 666.0 40.0 20.0 18.0 19.0 0.0 0.0 0.0 1.0 0.0 0.0 0.0 0.0 0.0 35.0 8.0
-2.5861157945011715 2.0 1.0 0.0 0.0 0.0 3.0 0.0 2.0 11.0 2.0 2.0 -1000.0 0.0 14.0 8.0 203.0 1.0 0.0 0.0 0.0 49.0 5.0 3.0 2.0 0.0 0.0 1.0 1.0 0.0 0.0 0.0 0.0 0.0 35.0 8.0
-5.6444601552609255 2.0 1.0 0.0 0.0 0.0 5.0 0.0 2.0 0.0 3.0 1.0 -1000.0 0.0 0.0 100000.0 100000.0 0.0 0.0 0.0 500.0 46.0 8.0 6.0 7.0 0.0 0.0 0.0 1.0 0.0 0.0 0.0 0.0 0.0 35.0 8.0
-2.978090265134445 0.0 1.0 1.0 1.0 0.0 2.0 1.0 1.0 5.0 9.0 3.0 16.0 0.0 8.0 100000.0 124.0 0.0 0.0 0.0 0.0 0.0 4.0 4.0 0.0 0.0 1.0 0.0 0.0 1.0 0.0 0.0 0.0 1.0 8.0 2.0
3.7214330869029855 0.0 1.0 0.0 0.0 0.0 1.0 0.0 1.0 11.0 9.0 3.0 2.0 0.0 27.0 2.0 1.0 21.0 4.0 18.0 1000.0 0.0 5.0 5.0 5.0 1.0 1.0 0.0 0.0 0.0 0.0 0.0 0.0 1.0 8.0 2.0
2.795071149220223 0.0 1.0 0.0 0.0 0.0 1.0 0.0 1.0 11.0 9.0 3.0 2.0 0.0 398.0 10.0 13.0 10.0 2.0 116.0 0.0 0.0 7.0 7.0 4.0 1.0 1.0 0.0 0.0 0.0 0.0 0.0 0.0 1.0 8.0 2.0
0.8559530802601923 0.0 1.0 0.0 0.0 0.0 2.0 0.0 1.0 11.0 9.0 2.0 2.0 0.0 12.0 1.0 0.0 3.0 0.0 2.0 1000.0 0.0 3.0 3.0 6.0 0.0 1.0 0.0 0.0 0.0 0.0 0.0 0.0 1.0 8.0 2.0
-0.066436399980338 0.0 1.0 0.0 0.0 0.0 2.0 1.0 1.0 18.0 1.0 1.0 -1000.0 0.0 11.0 25.0 433.0 6.0 2.0 1.0 0.0 0.0 4.0 4.0 319.0 0.0 1.0 0.0 0.0 0.0 0.0 0.0 0.0 0.0 8.0 2.0
0.11931893239256902 1.0 1.0 1.0 1.0 0.0 0.0 1.0 7.0 0.0 9.0 1.0 15.0 0.0 0.0 100000.0 100000.0 0.0 0.0 0.0 0.0 38.0 7.0 6.0 0.0 0.0 0.0 0.0 0.0 0.0 0.0 0.0 0.0 1.0 3.0 4.0
-0.9509360120198375 1.0 1.0 1.0 1.0 0.0 0.0 1.0 7.0 0.0 9.0 1.0 15.0 0.0 0.0 100000.0 100000.0 0.0 0.0 0.0 0.0 35.0 10.0 9.0 1.0 0.0 0.0 0.0 0.0 0.0 0.0 0.0 0.0 1.0 3.0 4.0
-0.16186529107842415 1.0 1.0 0.0 0.0 0.0 2.0 1.0 7.0 18.0 1.0 1.0 -1000.0 0.0 71.0 2.0 2.0 3.0 71.0 0.0 1000.0 43.0 2.0 1.0 9.0 0.0 1.0 0.0 0.0 0.0 0.0 0.0 0.0 0.0 3.0 4.0
-3.0117122954098714 1.0 1.0 0.0 0.0 0.0 2.0 1.0 7.0 18.0 1.0 1.0 -1000.0 0.0 7.0 1324.0 1567.0 0.0 2.0 0.0 1000.0 37.0 6.0 5.0 13.0 0.0 1.0 0.0 0.0 0.0 0.0 0.0 0.0 0.0 3.0 4.0
-2.514701341667213 1.0 1.0 0.0 0.0 0.0 2.0 1.0 7.0 18.0 1.0 1.0 -1000.0 0.0 6.0 198.0 1469.0 0.0 6.0 6.0 0.0 34.0 11.0 10.0 15.0 0.0 1.0 0.0 0.0 0.0 0.0 0.0 0.0 0.0 3.0 4.0
2.7978808924714826 2.0 1.0 0.0 0.0 0.0 2.0 0.0 2.0 0.0 9.0 3.0 1.0 0.0 5.0 61.0 100000.0 0.0 5.0 5.0 200.0 34.0 26.0 24.0 1.0 0.0 1.0 0.0 1.0 0.0 0.0 0.0 0.0 1.0 6.0 18.0
0.5031533092672504 2.0 1.0 0.0 0.0 0.0 2.0 0.0 2.0 0.0 9.0 3.0 1.0 0.0 5.0 558.0 100000.0 0.0 0.0 4.0 0.0 46.0 8.0 6.0 0.0 0.0 1.0 0.0 0.0 0.0 0.0 0.0 1.0 1.0 6.0 18.0
-0.5282496331706039 2.0 1.0 0.0 0.0 0.0 2.0 0.0 2.0 0.0 9.0 3.0 1.0 0.0 2.0 396.0 100000.0 0.0 1.0 1.0 250.0 34.0 20.0 18.0 3.0 1.0 1.0 0.0 0.0 0.0 0.0 0.0 0.0 1.0 6.0 18.0
-2.345815268367155 2.0 1.0 0.0 0.0 0.0 2.0 0.0 2.0 0.0 9.0 3.0 1.0 0.0 4.0 2375.0 100000.0 0.0 0.0 2.0 0.0 32.0 22.0 20.0 2.0 1.0 1.0 0.0 0.0 0.0 0.0 0.0 0.0 1.0 6.0 18.0
-2.360469283131101 2.0 1.0 0.0 0.0 0.0 5.0 0.0 2.0 0.0 3.0 1.0 -1000.0 0.0 0.0 100000.0 100000.0 0.0 0.0 0.0 666.0 39.0 15.0 13.0 88.0 0.0 0.0 0.0 1.0 0.0 0.0 0.0 0.0 0.0 6.0 18.0
1.8240037715666781 3.0 1.0 1.0 1.0 0.0 6.0 0.0 5.0 10.0 9.0 2.0 1.0 0.0 3.0 35.0 6.0 1.0 0.0 0.0 0.0 58.0 5.0 2.0 0.0 0.0 0.0 0.0 1.0 0.0 0.0 0.0 0.0 1.0 3.0 10.0
4.4438421743387995 0.0 1.0 1.0 1.0 0.0 0.0 0.0 7.0 1.0 9.0 2.0 1.0 0.0 23.0 53.0 12.0 2.0 17.0 6.0 1000.0 0.0 5.0 5.0 2.0 0.0 1.0 0.0 0.0 0.0 0.0 0.0 0.0 1.0 2.0 18.0
3.6427184791151843 0.0 1.0 1.0 1.0 0.0 0.0 0.0 7.0 1.0 9.0 2.0 1.0 0.0 7.0 52.0 1.0 1.0 5.0 5.0 1000.0 0.0 7.0 7.0 7.0 0.0 1.0 0.0 0.0 0.0 0.0 0.0 0.0 1.0 2.0 18.0
3.4393164004366104 0.0 1.0 1.0 1.0 0.0 0.0 0.0 7.0 1.0 9.0 2.0 1.0 0.0 42.0 1.0 13.0 9.0 6.0 4.0 1000.0 0.0 6.0 6.0 0.0 0.0 1.0 0.0 0.0 0.0 0.0 0.0 0.0 1.0 2.0 18.0
3.8726671621359827 0.0 1.0 1.0 1.0 0.0 0.0 0.0 7.0 1.0 9.0 2.0 1.0 0.0 8.0 16.0 35.0 1.0 6.0 6.0 333.0 0.0 12.0 12.0 6.0 0.0 1.0 0.0 0.0 0.0 0.0 0.0 0.0 1.0 2.0 18.0
3.2714731020475063 0.0 1.0 1.0 1.0 0.0 0.0 0.0 7.0 1.0 9.0 2.0 1.0 0.0 34.0 4.0 9.0 9.0 30.0 0.0 0.0 0.0 5.0 5.0 1.0 0.0 1.0 0.0 0.0 0.0 0.0 0.0 0.0 1.0 2.0 18.0
1.7296530055911614 1.0 1.0 1.0 1.0 0.0 6.0 0.0 5.0 4.0 9.0 2.0 1.0 0.0 14.0 100000.0 9.0 1.0 0.0 0.0 0.0 41.0 4.0 3.0 0.0 0.0 0.0 0.0 1.0 0.0 0.0 0.0 0.0 1.0 5.0 18.0
-2.128260486199192 1.0 1.0 1.0 1.0 0.0 6.0 0.0 5.0 10.0 9.0 2.0 1.0 0.0 0.0 100000.0 100000.0 0.0 0.0 0.0 0.0 40.0 5.0 4.0 1.0 0.0 0.0 0.0 1.0 0.0 0.0 0.0 0.0 1.0 5.0 18.0
5.03949151611646 3.0 1.0 1.0 1.0 0.0 0.0 0.0 7.0 1.0 9.0 3.0 19.0 0.0 33.0 52.0 8.0 1.0 27.0 33.0 0.0 54.0 9.0 6.0 0.0 0.0 1.0 0.0 0.0 0.0 0.0 1.0 0.0 1.0 2.0 18.0
2.2429205713407847 3.0 1.0 1.0 1.0 0.0 0.0 0.0 7.0 1.0 9.0 3.0 19.0 0.0 8.0 573.0 235.0 0.0 3.0 8.0 0.0 54.0 9.0 6.0 1.0 0.0 1.0 0.0 0.0 0.0 0.0 1.0 0.0 1.0 2.0 18.0
-0.2962000631615592 3.0 1.0 1.0 1.0 0.0 0.0 0.0 7.0 1.0 9.0 2.0 19.0 0.0 0.0 100000.0 100000.0 0.0 0.0 0.0 0.0 54.0 9.0 6.0 2.0 0.0 0.0 0.0 0.0 0.0 0.0 1.0 0.0 1.0 2.0 18.0
-3.892685717770041 3.0 1.0 0.0 0.0 0.0 2.0 1.0 7.0 18.0 1.0 1.0 -1000.0 0.0 12.0 419.0 2414.0 0.0 9.0 2.0 500.0 28.0 11.0 8.0 3.0 0.0 1.0 0.0 0.0 0.0 0.0 0.0 0.0 0.0 2.0 18.0
-4.059877689282335 3.0 1.0 0.0 0.0 0.0 2.0 1.0 7.0 18.0 1.0 1.0 -1000.0 0.0 6.0 100000.0 641.0 0.0 5.0 0.0 400.0 19.0 20.0 17.0 4.0 0.0 1.0 0.0 0.0 0.0 0.0 0.0 0.0 0.0 2.0 18.0
4.17782287259378 1.0 1.0 1.0 1.0 0.0 6.0 0.0 6.0 5.0 9.0 1.0 34.0 0.0 0.0 100000.0 100000.0 0.0 0.0 0.0 500.0 32.0 13.0 12.0 0.0 0.0 0.0 0.0 0.0 0.0 0.0 0.0 0.0 1.0 4.0 3.0
1.56818833150476 1.0 1.0 1.0 1.0 0.0 6.0 0.0 6.0 5.0 9.0 1.0 34.0 0.0 0.0 100000.0 100000.0 0.0 0.0 0.0 500.0 32.0 13.0 12.0 1.0 0.0 0.0 0.0 0.0 0.0 0.0 0.0 0.0 1.0 4.0 3.0
0.7638091800846505 1.0 1.0 1.0 1.0 0.0 6.0 0.0 6.0 5.0 9.0 1.0 34.0 0.0 0.0 100000.0 100000.0 0.0 0.0 0.0 666.0 26.0 19.0 18.0 5.0 0.0 0.0 0.0 0.0 0.0 0.0 0.0 0.0 1.0 4.0 3.0
0.5118899012632306 1.0 1.0 1.0 1.0 0.0 6.0 0.0 6.0 5.0 9.0 1.0 34.0 0.0 0.0 100000.0 100000.0 0.0 0.0 0.0 666.0 24.0 21.0 20.0 6.0 0.0 0.0 0.0 0.0 0.0 0.0 0.0 0.0 1.0 4.0 3.0
-0.1344994147352747 1.0 1.0 1.0 1.0 0.0 6.0 0.0 6.0 5.0 9.0 1.0 34.0 0.0 0.0 100000.0 100000.0 0.0 0.0 0.0 333.0 27.0 18.0 17.0 2.0 0.0 0.0 0.0 0.0 0.0 0.0 0.0 0.0 1.0 4.0 3.0
5.159599788085505 2.0 1.0 1.0 1.0 0.0 2.0 2.0 3.0 17.0 9.0 3.0 39.0 0.0 66.0 101.0 25.0 1.0 45.0 31.0 0.0 51.0 3.0 1.0 0.0 0.0 1.0 0.0 0.0 1.0 0.0 0.0 0.0 1.0 7.0 5.0
4.171411892623663 3.0 1.0 0.0 0.0 0.0 2.0 1.0 6.0 18.0 1.0 1.0 -1000.0 0.0 45.0 1.0 7.0 5.0 45.0 45.0 1000.0 56.0 7.0 4.0 6.0 0.0 1.0 0.0 0.0 0.0 0.0 0.0 0.0 0.0 4.0 3.0
-4.559799865632289 3.0 1.0 0.0 0.0 0.0 7.0 1.0 6.0 3.0 8.0 1.0 -1000.0 0.0 0.0 100000.0 100000.0 0.0 0.0 0.0 500.0 49.0 14.0 11.0 14.0 0.0 0.0 0.0 0.0 0.0 0.0 0.0 1.0 0.0 4.0 3.0
-4.930402944156527 3.0 1.0 0.0 0.0 0.0 7.0 1.0 6.0 3.0 8.0 1.0 -1000.0 0.0 0.0 100000.0 100000.0 0.0 0.0 0.0 0.0 56.0 7.0 4.0 9.0 0.0 0.0 0.0 0.0 0.0 0.0 0.0 1.0 0.0 4.0 3.0
-5.444391252222012 3.0 1.0 0.0 0.0 0.0 7.0 1.0 6.0 3.0 8.0 1.0 -1000.0 0.0 0.0 100000.0 100000.0 0.0 0.0 0.0 0.0 54.0 9.0 6.0 10.0 0.0 0.0 0.0 0.0 0.0 0.0 0.0 1.0 0.0 4.0 3.0
-5.225300415122421 3.0 1.0 0.0 0.0 0.0 6.0 0.0 6.0 10.0 3.0 1.0 -1000.0 0.0 0.0 100000.0 100000.0 0.0 0.0 0.0 250.0 40.0 19.0 16.0 4.0 0.0 0.0 0.0 1.0 0.0 0.0 0.0 0.0 0.0 4.0 3.0
5.33729655560836 0.0 1.0 1.0 1.0 0.0 0.0 0.0 7.0 9.0 9.0 2.0 19.0 0.0 34.0 13.0 7.0 7.0 16.0 12.0 1000.0 0.0 4.0 4.0 0.0 0.0 1.0 0.0 0.0 0.0 0.0 0.0 0.0 1.0 18.0 8.0
-1.7544649416563856 0.0 1.0 0.0 0.0 0.0 2.0 1.0 7.0 18.0 1.0 1.0 -1000.0 0.0 58.0 0.0 5.0 11.0 2.0 0.0 1000.0 0.0 6.0 6.0 30.0 0.0 1.0 0.0 0.0 0.0 0.0 0.0 0.0 0.0 18.0 8.0
-0.7105705102344124 0.0 1.0 0.0 0.0 0.0 0.0 0.0 7.0 1.0 9.0 2.0 -4.0 0.0 29.0 85.0 112.0 0.0 1.0 0.0 0.0 0.0 8.0 8.0 2.0 0.0 1.0 0.0 0.0 0.0 0.0 0.0 0.0 1.0 18.0 8.0
-0.9649153791379557 0.0 1.0 0.0 0.0 0.0 0.0 0.0 7.0 1.0 9.0 2.0 -4.0 0.0 2.0 453.0 100000.0 0.0 2.0 0.0 0.0 0.0 5.0 5.0 3.0 0.0 1.0 0.0 0.0 0.0 0.0 0.0 0.0 1.0 18.0 8.0
-1.6477324544260459 0.0 1.0 0.0 0.0 0.0 0.0 0.0 7.0 9.0 9.0 1.0 1.0 0.0 108.0 10.0 3.0 4.0 0.0 0.0 0.0 0.0 4.0 4.0 1.0 0.0 0.0 0.0 0.0 0.0 0.0 0.0 0.0 1.0 18.0 8.0
-8.507288854677293 1.0 1.0 0.0 0.0 0.0 6.0 0.0 6.0 0.0 3.0 1.0 -1000.0 0.0 0.0 100000.0 100000.0 0.0 0.0 0.0 0.0 44.0 1.0 0.0 0.0 0.0 0.0 0.0 1.0 0.0 0.0 0.0 0.0 0.0 4.0 3.0
-2.9679249376757597 1.0 1.0 0.0 0.0 0.0 6.0 1.0 6.0 7.0 9.0 2.0 1.0 0.0 0.0 100000.0 100000.0 0.0 0.0 0.0 0.0 41.0 4.0 3.0 1.0 0.0 0.0 0.0 0.0 1.0 0.0 0.0 0.0 1.0 4.0 3.0
-3.9676015589490308 1.0 1.0 0.0 0.0 0.0 6.0 1.0 6.0 7.0 9.0 2.0 1.0 0.0 0.0 100000.0 100000.0 0.0 0.0 0.0 0.0 37.0 8.0 7.0 2.0 0.0 0.0 0.0 0.0 1.0 0.0 0.0 0.0 1.0 4.0 3.0
-4.330980107985099 1.0 1.0 0.0 0.0 0.0 6.0 1.0 6.0 7.0 9.0 2.0 1.0 0.0 0.0 100000.0 100000.0 0.0 0.0 0.0 0.0 33.0 12.0 11.0 3.0 0.0 0.0 0.0 0.0 1.0 0.0 0.0 0.0 1.0 4.0 3.0
-5.242231260725088 1.0 1.0 0.0 0.0 0.0 7.0 1.0 6.0 4.0 8.0 1.0 -1000.0 0.0 0.0 100000.0 100000.0 0.0 0.0 0.0 0.0 38.0 7.0 6.0 36.0 0.0 0.0 0.0 0.0 0.0 0.0 0.0 1.0 0.0 4.0 3.0
4.114358968804264 3.0 1.0 0.0 0.0 0.0 2.0 0.0 2.0 11.0 9.0 4.0 20.0 0.0 2.0 5.0 8.0 2.0 0.0 1.0 0.0 58.0 5.0 2.0 0.0 1.0 1.0 0.0 1.0 0.0 0.0 0.0 0.0 1.0 7.0 5.0
-3.745526957819275 3.0 1.0 0.0 0.0 0.0 7.0 1.0 2.0 4.0 9.0 2.0 0.0 0.0 0.0 100000.0 100000.0 0.0 0.0 0.0 0.0 52.0 9.0 6.0 2.0 0.0 0.0 0.0 0.0 0.0 0.0 0.0 1.0 1.0 7.0 5.0
-4.490472080749699 3.0 1.0 0.0 0.0 0.0 6.0 0.0 2.0 0.0 9.0 1.0 1.0 0.0 0.0 100000.0 100000.0 0.0 0.0 0.0 0.0 57.0 6.0 3.0 1.0 0.0 0.0 0.0 0.0 0.0 0.0 0.0 0.0 1.0 7.0 5.0
-4.87085391677353 3.0 1.0 0.0 0.0 0.0 7.0 0.0 2.0 10.0 8.0 1.0 -1000.0 0.0 0.0 100000.0 100000.0 0.0 0.0 0.0 333.0 42.0 15.0 12.0 23.0 0.0 0.0 0.0 0.0 0.0 0.0 0.0 1.0 0.0 7.0 5.0
-4.74525410859804 3.0 1.0 0.0 0.0 0.0 8.0 1.0 2.0 12.0 9.0 2.0 0.0 0.0 0.0 100000.0 100000.0 0.0 0.0 0.0 0.0 58.0 5.0 2.0 29.0 0.0 0.0 0.0 0.0 1.0 0.0 0.0 0.0 1.0 7.0 5.0
3.2795403625176904 0.0 1.0 1.0 1.0 0.0 6.0 1.0 2.0 3.0 9.0 1.0 33.0 0.0 0.0 100000.0 100000.0 0.0 0.0 0.0 500.0 0.0 12.0 12.0 0.0 0.0 0.0 0.0 0.0 0.0 0.0 0.0 0.0 1.0 6.0 3.0
2.220742522941751 0.0 1.0 0.0 0.0 0.0 1.0 0.0 2.0 11.0 9.0 3.0 2.0 0.0 16.0 1.0 1.0 5.0 1.0 7.0 1000.0 0.0 6.0 6.0 8.0 1.0 1.0 0.0 0.0 0.0 0.0 0.0 0.0 1.0 6.0 3.0
3.223689662021645 0.0 1.0 0.0 0.0 0.0 2.0 1.0 2.0 12.0 9.0 3.0 1.0 0.0 29.0 10.0 6.0 9.0 4.0 22.0 0.0 0.0 5.0 5.0 77.0 1.0 1.0 0.0 0.0 0.0 0.0 0.0 0.0 1.0 6.0 3.0
1.0341467392586279 0.0 1.0 0.0 0.0 0.0 1.0 0.0 2.0 11.0 9.0 3.0 2.0 0.0 43.0 1.0 3.0 9.0 5.0 0.0 1000.0 0.0 7.0 7.0 6.0 1.0 1.0 0.0 0.0 0.0 0.0 0.0 0.0 1.0 6.0 3.0
2.1124322237578226 0.0 1.0 0.0 0.0 0.0 2.0 1.0 2.0 12.0 9.0 3.0 1.0 0.0 12.0 37.0 15.0 2.0 2.0 5.0 0.0 0.0 4.0 4.0 79.0 1.0 1.0 0.0 0.0 0.0 0.0 0.0 0.0 1.0 6.0 3.0
2.7491443213798963 2.0 1.0 0.0 0.0 0.0 2.0 1.0 1.0 3.0 3.0 2.0 -1000.0 0.0 104.0 1.0 14.0 14.0 14.0 55.0 1000.0 49.0 5.0 3.0 0.0 0.0 1.0 0.0 1.0 0.0 0.0 0.0 0.0 0.0 18.0 3.0
-2.1237910873970685 2.0 1.0 0.0 0.0 0.0 2.0 1.0 1.0 18.0 1.0 1.0 -1000.0 0.0 8.0 63.0 286.0 0.0 1.0 0.0 0.0 47.0 7.0 5.0 1.0 0.0 1.0 0.0 0.0 0.0 0.0 0.0 0.0 0.0 18.0 3.0
-4.830560024330721 2.0 1.0 0.0 0.0 0.0 7.0 1.0 1.0 3.0 8.0 1.0 -1000.0 0.0 0.0 100000.0 100000.0 0.0 0.0 0.0 0.0 46.0 8.0 6.0 5.0 0.0 0.0 0.0 0.0 0.0 0.0 0.0 1.0 0.0 18.0 3.0
-5.101010223325485 2.0 1.0 0.0 0.0 0.0 8.0 1.0 1.0 3.0 9.0 1.0 0.0 0.0 0.0 100000.0 100000.0 0.0 0.0 0.0 0.0 48.0 6.0 4.0 7.0 0.0 0.0 0.0 0.0 0.0 0.0 0.0 0.0 1.0 18.0 3.0
-5.679354079630532 2.0 1.0 0.0 0.0 0.0 8.0 1.0 1.0 7.0 9.0 1.0 0.0 0.0 0.0 100000.0 100000.0 0.0 0.0 0.0 0.0 47.0 7.0 5.0 8.0 0.0 0.0 0.0 0.0 0.0 0.0 0.0 0.0 1.0 18.0 3.0
3.4959777703345676 3.0 1.0 1.0 1.0 0.0 6.0 0.0 3.0 3.0 9.0 1.0 1.0 0.0 35.0 1.0 4.0 16.0 28.0 20.0 1000.0 60.0 3.0 0.0 0.0 0.0 0.0 0.0 0.0 0.0 0.0 0.0 0.0 1.0 7.0 5.0
3.40772803285733 0.0 1.0 0.0 0.0 0.0 1.0 0.0 2.0 11.0 0.0 2.0 -1000.0 0.0 29.0 3.0 4.0 15.0 13.0 13.0 1000.0 0.0 6.0 6.0 1.0 1.0 1.0 0.0 0.0 0.0 0.0 0.0 0.0 0.0 2.0 18.0
2.9748015241286163 0.0 1.0 0.0 0.0 0.0 2.0 1.0 2.0 18.0 1.0 1.0 -1000.0 0.0 19.0 35.0 8.0 3.0 18.0 18.0 0.0 0.0 6.0 6.0 92.0 0.0 1.0 0.0 0.0 0.0 0.0 0.0 0.0 0.0 2.0 18.0
3.0857575987575463 0.0 1.0 0.0 0.0 0.0 2.0 1.0 2.0 18.0 1.0 1.0 -1000.0 0.0 18.0 43.0 7.0 5.0 17.0 17.0 0.0 0.0 5.0 5.0 93.0 0.0 1.0 0.0 0.0 0.0 0.0 0.0 0.0 0.0 2.0 18.0
2.857939755001125 0.0 1.0 0.0 0.0 0.0 2.0 1.0 2.0 18.0 1.0 1.0 -1000.0 0.0 17.0 50.0 6.0 4.0 15.0 15.0 0.0 0.0 3.0 3.0 94.0 0.0 1.0 0.0 0.0 0.0 0.0 0.0 0.0 0.0 2.0 18.0
2.3826152813079426 0.0 1.0 0.0 0.0 0.0 2.0 1.0 2.0 18.0 1.0 1.0 -1000.0 0.0 20.0 43.0 9.0 6.0 18.0 18.0 0.0 0.0 4.0 4.0 89.0 0.0 1.0 0.0 0.0 0.0 0.0 0.0 0.0 0.0 2.0 18.0
3.855634050481763 1.0 1.0 1.0 1.0 0.0 0.0 0.0 7.0 9.0 9.0 3.0 19.0 0.0 16.0 203.0 11.0 1.0 2.0 4.0 1000.0 41.0 4.0 3.0 0.0 0.0 1.0 0.0 0.0 0.0 0.0 1.0 0.0 1.0 2.0 5.0
-0.7117838568663699 1.0 1.0 0.0 0.0 0.0 2.0 0.0 7.0 1.0 7.0 2.0 -1000.0 0.0 12.0 1.0 176.0 2.0 12.0 0.0 1000.0 42.0 3.0 2.0 3.0 0.0 1.0 0.0 0.0 0.0 0.0 1.0 0.0 0.0 2.0 5.0
-0.3121224810272727 1.0 1.0 0.0 0.0 0.0 2.0 0.0 7.0 9.0 7.0 2.0 -1000.0 0.0 10.0 1.0 9.0 2.0 8.0 0.0 1000.0 41.0 4.0 3.0 4.0 0.0 1.0 0.0 0.0 0.0 0.0 1.0 0.0 0.0 2.0 5.0
-0.723900254120399 1.0 1.0 0.0 0.0 0.0 2.0 0.0 7.0 9.0 7.0 2.0 -1000.0 0.0 36.0 24.0 76.0 1.0 2.0 6.0 0.0 40.0 5.0 4.0 1.0 0.0 1.0 0.0 0.0 0.0 0.0 1.0 0.0 0.0 2.0 5.0
-0.14734146640236914 1.0 1.0 0.0 0.0 0.0 2.0 0.0 7.0 9.0 7.0 2.0 -1000.0 0.0 16.0 32.0 84.0 0.0 3.0 3.0 0.0 41.0 4.0 3.0 2.0 0.0 1.0 0.0 0.0 0.0 0.0 1.0 0.0 0.0 2.0 5.0
5.099440747776185 2.0 1.0 1.0 1.0 0.0 1.0 0.0 6.0 11.0 9.0 5.0 20.0 0.0 27.0 5.0 3.0 7.0 4.0 11.0 0.0 49.0 5.0 3.0 0.0 1.0 1.0 1.0 0.0 0.0 0.0 0.0 1.0 1.0 4.0 5.0
-2.0433547691773444 2.0 1.0 0.0 0.0 0.0 2.0 0.0 6.0 0.0 9.0 3.0 0.0 0.0 1.0 30.0 100000.0 1.0 0.0 0.0 0.0 52.0 8.0 6.0 3.0 0.0 1.0 0.0 1.0 0.0 0.0 0.0 0.0 1.0 4.0 5.0
-3.4697229402457004 2.0 1.0 0.0 0.0 0.0 2.0 0.0 6.0 0.0 9.0 4.0 1.0 0.0 3.0 41.0 100000.0 0.0 0.0 0.0 0.0 47.0 7.0 5.0 2.0 1.0 1.0 0.0 1.0 0.0 0.0 0.0 0.0 1.0 4.0 5.0
-2.672316780242995 2.0 1.0 0.0 0.0 0.0 7.0 0.0 6.0 0.0 9.0 1.0 0.0 0.0 1.0 214.0 100000.0 0.0 0.0 0.0 0.0 48.0 6.0 4.0 4.0 0.0 0.0 0.0 0.0 0.0 0.0 0.0 0.0 1.0 4.0 5.0
-4.22224708031056 2.0 1.0 0.0 0.0 0.0 7.0 1.0 6.0 12.0 9.0 2.0 0.0 0.0 0.0 100000.0 100000.0 0.0 0.0 0.0 0.0 47.0 7.0 5.0 9.0 0.0 0.0 0.0 0.0 0.0 0.0 0.0 1.0 1.0 4.0 5.0
4.0646076506136435 3.0 1.0 1.0 1.0 0.0 0.0 0.0 7.0 9.0 9.0 3.0 19.0 0.0 55.0 1.0 0.0 3.0 7.0 0.0 1000.0 59.0 4.0 1.0 0.0 0.0 1.0 0.0 0.0 0.0 0.0 1.0 0.0 1.0 2.0 6.0
1.5971758850423354 1.0 1.0 0.0 0.0 0.0 2.0 1.0 1.0 4.0 9.0 2.0 0.0 0.0 73.0 9.0 11.0 3.0 4.0 48.0 0.0 40.0 5.0 4.0 3.0 0.0 1.0 0.0 0.0 0.0 0.0 0.0 0.0 1.0 9.0 3.0
-1.4041393541748204 1.0 1.0 0.0 0.0 0.0 2.0 1.0 1.0 3.0 9.0 3.0 1.0 0.0 8.0 100000.0 196.0 0.0 0.0 1.0 0.0 37.0 8.0 7.0 1.0 1.0 1.0 0.0 0.0 0.0 0.0 0.0 0.0 1.0 9.0 3.0
-0.40368566772144615 1.0 1.0 0.0 0.0 0.0 2.0 1.0 1.0 3.0 9.0 3.0 1.0 0.0 6.0 100000.0 79.0 0.0 0.0 2.0 0.0 27.0 18.0 17.0 2.0 1.0 1.0 0.0 0.0 0.0 0.0 0.0 0.0 1.0 9.0 3.0
-1.8067614482957721 1.0 1.0 0.0 0.0 0.0 2.0 1.0 1.0 3.0 9.0 3.0 1.0 0.0 15.0 36.0 119.0 0.0 0.0 0.0 0.0 42.0 3.0 2.0 0.0 0.0 1.0 0.0 0.0 1.0 0.0 0.0 0.0 1.0 9.0 3.0
-3.533930900884075 1.0 1.0 0.0 0.0 0.0 2.0 1.0 1.0 18.0 1.0 1.0 -1000.0 0.0 4.0 23.0 665.0 1.0 0.0 0.0 0.0 36.0 9.0 8.0 6.0 0.0 1.0 0.0 0.0 0.0 0.0 0.0 0.0 0.0 9.0 3.0
-2.639310382030954 2.0 0.0 1.0 1.0 0.0 2.0 0.0 6.0 11.0 9.0 3.0 27.0 0.0 28.0 1.0 0.0 4.0 3.0 1.0 1000.0 47.0 5.0 3.0 0.0 0.0 1.0 0.0 1.0 0.0 0.0 0.0 0.0 1.0 4.0 3.0
1.2986328891871501 2.0 1.0 0.0 0.0 0.0 2.0 1.0 6.0 4.0 9.0 2.0 5.0 0.0 29.0 28.0 17.0 2.0 1.0 22.0 1000.0 49.0 5.0 3.0 1.0 0.0 1.0 0.0 0.0 0.0 0.0 0.0 0.0 1.0 4.0 3.0
-2.118976250310781 2.0 1.0 0.0 0.0 0.0 8.0 1.0 6.0 3.0 9.0 1.0 5.0 0.0 0.0 100000.0 100000.0 0.0 0.0 0.0 1000.0 48.0 6.0 4.0 6.0 0.0 0.0 0.0 0.0 0.0 0.0 0.0 0.0 1.0 4.0 3.0
-3.593171227643822 2.0 1.0 0.0 0.0 0.0 7.0 0.0 6.0 10.0 8.0 1.0 -1000.0 0.0 0.0 100000.0 100000.0 0.0 0.0 0.0 500.0 41.0 11.0 9.0 2.0 0.0 0.0 0.0 0.0 0.0 0.0 0.0 1.0 0.0 4.0 3.0
-3.078686627015837 2.0 1.0 0.0 0.0 0.0 7.0 1.0 6.0 3.0 8.0 1.0 -1000.0 0.0 0.0 100000.0 100000.0 0.0 0.0 0.0 500.0 42.0 12.0 10.0 3.0 0.0 0.0 0.0 0.0 0.0 0.0 0.0 1.0 0.0 4.0 3.0
5.037791825506182 3.0 1.0 0.0 0.0 0.0 2.0 0.0 2.0 0.0 9.0 4.0 1.0 0.0 17.0 24.0 18.0 3.0 13.0 16.0 500.0 65.0 10.0 7.0 1.0 1.0 1.0 0.0 1.0 0.0 0.0 0.0 0.0 1.0 18.0 18.0
-1.237601467838186 3.0 1.0 0.0 0.0 0.0 6.0 0.0 2.0 0.0 9.0 1.0 19.0 0.0 0.0 100000.0 100000.0 0.0 0.0 0.0 500.0 65.0 11.0 8.0 0.0 0.0 0.0 0.0 0.0 0.0 0.0 0.0 0.0 1.0 18.0 18.0
-4.4660306265420076 3.0 1.0 0.0 0.0 0.0 6.0 0.0 2.0 0.0 3.0 1.0 -1000.0 0.0 0.0 100000.0 100000.0 0.0 0.0 0.0 400.0 50.0 25.0 22.0 5.0 0.0 0.0 0.0 1.0 0.0 0.0 0.0 0.0 0.0 18.0 18.0
-4.539421156834878 3.0 1.0 0.0 0.0 0.0 6.0 0.0 2.0 0.0 3.0 1.0 -1000.0 0.0 0.0 100000.0 100000.0 0.0 0.0 0.0 400.0 50.0 25.0 22.0 6.0 0.0 0.0 0.0 1.0 0.0 0.0 0.0 0.0 0.0 18.0 18.0
-5.673710354845451 3.0 1.0 0.0 0.0 0.0 6.0 0.0 2.0 0.0 3.0 1.0 -1000.0 0.0 0.0 100000.0 100000.0 0.0 0.0 0.0 428.0 44.0 31.0 28.0 11.0 0.0 0.0 0.0 1.0 0.0 0.0 0.0 0.0 0.0 18.0 18.0
4.196487070378138 0.0 1.0 1.0 1.0 0.0 2.0 2.0 3.0 17.0 9.0 3.0 39.0 0.0 14.0 1.0 336.0 2.0 0.0 2.0 1000.0 0.0 6.0 6.0 0.0 1.0 1.0 0.0 0.0 0.0 0.0 0.0 0.0 1.0 12.0 8.0
3.3946206208083445 0.0 1.0 0.0 0.0 0.0 6.0 2.0 3.0 10.0 9.0 2.0 6.0 0.0 14.0 6.0 1.0 4.0 7.0 8.0 1000.0 0.0 4.0 4.0 30.0 0.0 0.0 0.0 0.0 1.0 0.0 0.0 0.0 1.0 12.0 8.0
0.6216652556230083 0.0 1.0 0.0 0.0 0.0 2.0 0.0 3.0 3.0 9.0 3.0 6.0 0.0 12.0 4.0 11.0 2.0 1.0 1.0 0.0 0.0 5.0 5.0 6.0 0.0 1.0 0.0 0.0 1.0 0.0 0.0 0.0 1.0 12.0 8.0
0.14316739585920263 0.0 1.0 0.0 0.0 0.0 2.0 0.0 3.0 3.0 9.0 3.0 6.0 0.0 11.0 26.0 215.0 1.0 1.0 1.0 0.0 0.0 6.0 6.0 7.0 0.0 1.0 0.0 0.0 1.0 0.0 0.0 0.0 1.0 12.0 8.0
-0.004427889856962494 0.0 1.0 0.0 0.0 0.0 2.0 0.0 3.0 3.0 9.0 2.0 6.0 0.0 20.0 34.0 35.0 0.0 1.0 1.0 0.0 0.0 7.0 7.0 3.0 0.0 1.0 0.0 0.0 0.0 0.0 0.0 0.0 1.0 12.0 8.0
2.0913134359540035 2.0 1.0 1.0 1.0 0.0 6.0 0.0 1.0 16.0 9.0 2.0 1.0 0.0 3.0 3.0 87.0 1.0 0.0 0.0 1000.0 48.0 6.0 4.0 0.0 0.0 0.0 0.0 0.0 1.0 0.0 0.0 0.0 1.0 2.0 1.0
1.2309512221800412 2.0 1.0 1.0 1.0 0.0 6.0 0.0 1.0 16.0 9.0 2.0 1.0 0.0 1.0 100000.0 161.0 0.0 1.0 0.0 0.0 48.0 6.0 4.0 1.0 0.0 0.0 0.0 0.0 1.0 0.0 0.0 0.0 1.0 2.0 1.0
-1.1055140099738554 2.0 1.0 1.0 1.0 0.0 2.0 1.0 1.0 12.0 9.0 2.0 1.0 0.0 20.0 37.0 53.0 0.0 0.0 0.0 0.0 51.0 3.0 1.0 3.0 0.0 1.0 0.0 0.0 0.0 0.0 0.0 0.0 1.0 2.0 1.0
-6.304912444003088 2.0 1.0 1.0 1.0 0.0 6.0 0.0 1.0 0.0 9.0 1.0 1.0 0.0 0.0 100000.0 100000.0 0.0 0.0 0.0 0.0 44.0 10.0 8.0 2.0 0.0 0.0 0.0 0.0 0.0 0.0 0.0 0.0 1.0 2.0 1.0
-6.842649425112663 2.0 1.0 0.0 0.0 0.0 6.0 0.0 1.0 11.0 3.0 1.0 -1000.0 0.0 0.0 100000.0 100000.0 0.0 0.0 0.0 0.0 52.0 2.0 0.0 4.0 0.0 0.0 0.0 1.0 0.0 0.0 0.0 0.0 0.0 2.0 1.0
3.1649070868699503 3.0 1.0 1.0 1.0 0.0 0.0 0.0 7.0 9.0 9.0 3.0 1.0 0.0 8.0 47.0 122.0 0.0 1.0 2.0 0.0 55.0 8.0 5.0 0.0 0.0 1.0 0.0 0.0 0.0 0.0 1.0 0.0 1.0 2.0 2.0
3.2045705633033807 0.0 1.0 0.0 0.0 0.0 2.0 1.0 3.0 18.0 4.0 2.0 -1000.0 0.0 45.0 42.0 9.0 1.0 9.0 30.0 0.0 0.0 3.0 3.0 50.0 0.0 1.0 0.0 0.0 1.0 0.0 0.0 0.0 0.0 12.0 11.0
1.9194786252841447 0.0 1.0 0.0 0.0 0.0 2.0 1.0 3.0 18.0 4.0 2.0 -1000.0 0.0 4.0 23.0 55.0 1.0 4.0 3.0 0.0 0.0 6.0 6.0 110.0 0.0 1.0 0.0 0.0 1.0 0.0 0.0 0.0 0.0 12.0 11.0
-1.260041362145299 0.0 1.0 0.0 0.0 0.0 2.0 1.0 3.0 18.0 1.0 1.0 -1000.0 0.0 2.0 100000.0 6.0 1.0 0.0 0.0 1000.0 0.0 16.0 16.0 176.0 0.0 1.0 0.0 0.0 0.0 0.0 0.0 0.0 0.0 12.0 11.0
-1.9831248383613258 0.0 1.0 0.0 0.0 0.0 2.0 1.0 3.0 18.0 1.0 1.0 -1000.0 0.0 1.0 100000.0 1.0 1.0 0.0 0.0 1000.0 0.0 12.0 12.0 228.0 0.0 1.0 0.0 0.0 0.0 0.0 0.0 0.0 0.0 12.0 11.0
-0.21921728691682474 0.0 1.0 0.0 0.0 0.0 2.0 1.0 3.0 18.0 4.0 2.0 -1000.0 0.0 6.0 113.0 100000.0 0.0 1.0 2.0 0.0 0.0 6.0 6.0 87.0 0.0 1.0 0.0 0.0 1.0 0.0 0.0 0.0 0.0 12.0 11.0
0.9306592455377891 3.0 1.0 0.0 0.0 0.0 6.0 0.0 5.0 14.0 3.0 1.0 -1000.0 0.0 1.0 100000.0 13.0 1.0 0.0 0.0 1000.0 56.0 7.0 4.0 0.0 0.0 0.0 0.0 1.0 0.0 0.0 0.0 0.0 0.0 5.0 18.0
-5.911061571254224 3.0 0.0 0.0 0.0 0.0 6.0 0.0 5.0 0.0 3.0 1.0 -1000.0 0.0 0.0 100000.0 100000.0 0.0 0.0 0.0 1000.0 50.0 11.0 8.0 3.0 0.0 0.0 0.0 1.0 0.0 0.0 0.0 0.0 0.0 5.0 18.0
-9.053714901731473 3.0 0.0 0.0 0.0 0.0 6.0 0.0 5.0 0.0 3.0 1.0 -1000.0 0.0 2.0 0.0 98.0 1.0 1.0 0.0 1000.0 42.0 19.0 16.0 2.0 0.0 0.0 0.0 1.0 0.0 0.0 0.0 0.0 0.0 5.0 18.0
-8.723921711277685 3.0 0.0 0.0 0.0 0.0 6.0 0.0 5.0 0.0 3.0 1.0 -1000.0 0.0 7.0 0.0 12.0 3.0 0.0 0.0 1000.0 54.0 7.0 4.0 1.0 0.0 0.0 0.0 1.0 0.0 0.0 0.0 0.0 0.0 5.0 18.0
-9.271985491099148 3.0 0.0 0.0 0.0 0.0 6.0 0.0 5.0 0.0 3.0 1.0 -1000.0 0.0 0.0 100000.0 100000.0 0.0 0.0 0.0 0.0 1.0 12.0 9.0 4.0 0.0 0.0 0.0 1.0 0.0 0.0 0.0 0.0 0.0 5.0 18.0
2.2053238597793006 0.0 1.0 0.0 0.0 0.0 1.0 2.0 3.0 11.0 0.0 2.0 -1000.0 0.0 46.0 0.0 100000.0 2.0 3.0 6.0 1000.0 0.0 5.0 5.0 339.0 1.0 1.0 0.0 0.0 0.0 0.0 0.0 0.0 0.0 18.0 5.0
1.799422924886675 0.0 1.0 0.0 0.0 0.0 2.0 1.0 3.0 18.0 1.0 1.0 -1000.0 0.0 21.0 17.0 1.0 3.0 1.0 7.0 1000.0 0.0 5.0 5.0 66.0 0.0 1.0 0.0 0.0 0.0 0.0 0.0 0.0 0.0 18.0 5.0
-0.09152459792845816 0.0 1.0 0.0 0.0 0.0 2.0 1.0 3.0 18.0 1.0 1.0 -1000.0 0.0 1.0 100000.0 1.0 1.0 0.0 1.0 1000.0 0.0 5.0 5.0 233.0 0.0 1.0 0.0 0.0 0.0 0.0 0.0 0.0 0.0 18.0 5.0
0.7130034671412278 0.0 1.0 0.0 0.0 0.0 2.0 1.0 3.0 18.0 1.0 1.0 -1000.0 0.0 36.0 61.0 1.0 1.0 1.0 10.0 1000.0 0.0 3.0 3.0 51.0 0.0 1.0 0.0 0.0 0.0 0.0 0.0 0.0 0.0 18.0 5.0
-1.3246745335695858 0.0 1.0 0.0 0.0 0.0 1.0 2.0 3.0 0.0 0.0 2.0 -1000.0 0.0 92.0 15.0 3.0 6.0 7.0 6.0 0.0 0.0 4.0 4.0 336.0 1.0 1.0 0.0 0.0 0.0 0.0 0.0 0.0 0.0 18.0 5.0
1.4828590975531855 2.0 1.0 1.0 1.0 0.0 2.0 0.0 3.0 3.0 9.0 3.0 1.0 0.0 9.0 25.0 103.0 1.0 0.0 2.0 500.0 47.0 7.0 5.0 1.0 0.0 1.0 0.0 0.0 1.0 0.0 0.0 0.0 1.0 7.0 5.0
1.09527314653715 2.0 1.0 1.0 1.0 0.0 2.0 0.0 3.0 3.0 9.0 3.0 1.0 0.0 13.0 25.0 12.0 3.0 0.0 1.0 1000.0 50.0 4.0 2.0 0.0 0.0 1.0 0.0 0.0 1.0 0.0 0.0 0.0 1.0 7.0 5.0
0.9760940068185084 2.0 1.0 1.0 1.0 0.0 2.0 0.0 3.0 7.0 9.0 2.0 1.0 0.0 1.0 3.0 100000.0 1.0 0.0 0.0 1000.0 45.0 9.0 7.0 2.0 0.0 1.0 0.0 0.0 0.0 0.0 0.0 0.0 1.0 7.0 5.0
-1.6012083077751624 2.0 1.0 1.0 1.0 0.0 6.0 0.0 3.0 7.0 9.0 1.0 1.0 0.0 0.0 100000.0 100000.0 0.0 0.0 0.0 500.0 44.0 10.0 8.0 3.0 0.0 0.0 0.0 0.0 0.0 0.0 0.0 0.0 1.0 7.0 5.0
-8.09919305068089 2.0 0.0 1.0 1.0 0.0 6.0 2.0 3.0 0.0 9.0 1.0 1.0 0.0 0.0 100000.0 100000.0 0.0 0.0 0.0 0.0 46.0 6.0 4.0 4.0 0.0 0.0 0.0 0.0 0.0 0.0 0.0 0.0 1.0 7.0 5.0
5.350187905420298 3.0 1.0 1.0 1.0 0.0 0.0 0.0 7.0 9.0 9.0 3.0 1.0 0.0 55.0 1.0 2.0 19.0 36.0 24.0 1000.0 58.0 5.0 2.0 0.0 0.0 1.0 0.0 0.0 0.0 0.0 1.0 0.0 1.0 2.0 14.0
-2.8991949316091623 3.0 1.0 0.0 0.0 0.0 6.0 0.0 7.0 5.0 7.0 1.0 -1000.0 0.0 0.0 100000.0 100000.0 0.0 0.0 0.0 500.0 52.0 9.0 6.0 5.0 0.0 0.0 0.0 0.0 0.0 0.0 1.0 0.0 0.0 2.0 14.0
-2.9265783754983477 3.0 1.0 0.0 0.0 0.0 6.0 0.0 7.0 5.0 7.0 1.0 -1000.0 0.0 0.0 100000.0 100000.0 0.0 0.0 0.0 500.0 54.0 7.0 4.0 3.0 0.0 0.0 0.0 0.0 0.0 0.0 1.0 0.0 0.0 2.0 14.0
-1.7396125381841834 3.0 1.0 0.0 0.0 0.0 6.0 0.0 7.0 1.0 7.0 1.0 -1000.0 0.0 0.0 100000.0 100000.0 0.0 0.0 0.0 1000.0 56.0 7.0 4.0 2.0 0.0 0.0 0.0 0.0 0.0 0.0 1.0 0.0 0.0 2.0 14.0
-3.7016671817686015 3.0 1.0 0.0 0.0 0.0 6.0 0.0 7.0 1.0 7.0 1.0 -1000.0 0.0 0.0 100000.0 100000.0 0.0 0.0 0.0 500.0 51.0 12.0 9.0 7.0 0.0 0.0 0.0 0.0 0.0 0.0 1.0 0.0 0.0 2.0 14.0
4.955228975613388 0.0 1.0 1.0 1.0 0.0 1.0 0.0 2.0 11.0 9.0 3.0 20.0 0.0 8.0 1.0 7.0 6.0 2.0 5.0 1000.0 0.0 4.0 4.0 0.0 1.0 1.0 0.0 0.0 0.0 0.0 0.0 0.0 1.0 18.0 2.0
1.136639265152146 0.0 1.0 0.0 0.0 0.0 2.0 1.0 2.0 18.0 1.0 1.0 -1000.0 0.0 39.0 10.0 3.0 15.0 1.0 6.0 1000.0 0.0 4.0 4.0 182.0 0.0 1.0 0.0 0.0 0.0 0.0 0.0 0.0 0.0 18.0 2.0
-2.0497276036606067 0.0 1.0 0.0 0.0 0.0 2.0 0.0 2.0 0.0 9.0 3.0 1.0 0.0 7.0 0.0 9.0 6.0 0.0 0.0 1000.0 0.0 6.0 6.0 8.0 1.0 1.0 0.0 0.0 0.0 0.0 0.0 0.0 1.0 18.0 2.0
-4.02474013579169 0.0 1.0 0.0 0.0 0.0 6.0 0.0 2.0 0.0 9.0 1.0 19.0 0.0 0.0 100000.0 100000.0 0.0 0.0 0.0 1000.0 0.0 7.0 7.0 2.0 0.0 0.0 0.0 0.0 0.0 0.0 0.0 0.0 1.0 18.0 2.0
-3.1901530222474985 0.0 1.0 0.0 0.0 0.0 2.0 0.0 2.0 0.0 9.0 3.0 1.0 0.0 2.0 46.0 100000.0 0.0 0.0 0.0 666.0 0.0 13.0 13.0 10.0 1.0 1.0 0.0 0.0 0.0 0.0 0.0 0.0 1.0 18.0 2.0
-0.9836818284431293 1.0 1.0 1.0 1.0 0.0 2.0 0.0 3.0 7.0 9.0 2.0 1.0 0.0 3.0 217.0 100000.0 0.0 1.0 0.0 0.0 32.0 13.0 12.0 0.0 0.0 1.0 0.0 0.0 0.0 0.0 0.0 0.0 1.0 7.0 18.0
-0.7779300423370242 1.0 1.0 1.0 1.0 0.0 2.0 0.0 3.0 7.0 9.0 2.0 1.0 0.0 2.0 81.0 100000.0 0.0 0.0 0.0 0.0 43.0 2.0 1.0 1.0 0.0 1.0 0.0 0.0 0.0 0.0 0.0 0.0 1.0 7.0 18.0
-3.2701268650621524 1.0 1.0 1.0 1.0 0.0 6.0 0.0 3.0 7.0 9.0 1.0 1.0 0.0 0.0 100000.0 100000.0 0.0 0.0 0.0 0.0 39.0 6.0 5.0 2.0 0.0 0.0 0.0 0.0 0.0 0.0 0.0 0.0 1.0 7.0 18.0
-3.932599152831068 1.0 1.0 1.0 1.0 0.0 6.0 0.0 3.0 7.0 9.0 1.0 1.0 0.0 0.0 100000.0 100000.0 0.0 0.0 0.0 0.0 28.0 17.0 16.0 3.0 0.0 0.0 0.0 0.0 0.0 0.0 0.0 0.0 1.0 7.0 18.0
-7.806229347016098 1.0 0.0 1.0 1.0 0.0 6.0 2.0 3.0 0.0 9.0 1.0 1.0 0.0 0.0 100000.0 100000.0 0.0 0.0 0.0 0.0 34.0 9.0 8.0 6.0 0.0 0.0 0.0 0.0 0.0 0.0 0.0 0.0 1.0 7.0 18.0
3.9300228960271797 3.0 1.0 1.0 1.0 0.0 6.0 1.0 1.0 3.0 9.0 1.0 33.0 0.0 0.0 100000.0 100000.0 0.0 0.0 0.0 1000.0 53.0 12.0 9.0 0.0 0.0 0.0 0.0 0.0 0.0 0.0 0.0 0.0 1.0 8.0 8.0
2.310350982552701 3.0 1.0 0.0 0.0 0.0 2.0 1.0 1.0 3.0 9.0 3.0 19.0 0.0 15.0 1.0 7.0 9.0 4.0 10.0 1000.0 55.0 8.0 5.0 1.0 1.0 1.0 0.0 0.0 0.0 0.0 0.0 0.0 1.0 8.0 8.0
-4.512069757802627 3.0 1.0 0.0 0.0 0.0 8.0 1.0 1.0 3.0 9.0 1.0 0.0 0.0 0.0 100000.0 100000.0 0.0 0.0 0.0 0.0 57.0 6.0 3.0 2.0 0.0 0.0 0.0 0.0 0.0 0.0 0.0 0.0 1.0 8.0 8.0
-6.752259750509263 3.0 0.0 0.0 0.0 0.0 2.0 0.0 1.0 0.0 9.0 4.0 19.0 0.0 123.0 2.0 3.0 6.0 2.0 0.0 1000.0 53.0 8.0 5.0 3.0 1.0 1.0 0.0 1.0 0.0 0.0 0.0 0.0 1.0 8.0 8.0
-6.390267796408145 3.0 0.0 0.0 0.0 0.0 2.0 0.0 1.0 11.0 0.0 3.0 -1000.0 0.0 291.0 146.0 58.0 0.0 0.0 4.0 0.0 52.0 9.0 6.0 6.0 1.0 1.0 0.0 1.0 0.0 0.0 0.0 0.0 0.0 8.0 8.0
2.585779564514323 0.0 1.0 1.0 1.0 0.0 6.0 1.0 2.0 16.0 9.0 2.0 1.0 0.0 16.0 5.0 22.0 4.0 9.0 0.0 0.0 0.0 2.0 2.0 0.0 0.0 0.0 0.0 0.0 1.0 0.0 0.0 0.0 1.0 28.0 1.0
0.6745733944650798 0.0 1.0 1.0 1.0 0.0 6.0 1.0 2.0 16.0 9.0 2.0 1.0 0.0 6.0 45.0 36.0 0.0 0.0 0.0 0.0 0.0 3.0 3.0 1.0 0.0 0.0 0.0 0.0 1.0 0.0 0.0 0.0 1.0 28.0 1.0
0.02717046789823009 0.0 1.0 1.0 1.0 0.0 6.0 1.0 2.0 16.0 9.0 2.0 1.0 0.0 1.0 100000.0 35.0 0.0 0.0 0.0 0.0 0.0 3.0 3.0 3.0 0.0 0.0 0.0 0.0 1.0 0.0 0.0 0.0 1.0 28.0 1.0
0.2356999197450752 0.0 1.0 1.0 1.0 0.0 6.0 1.0 2.0 16.0 9.0 2.0 1.0 0.0 1.0 119.0 100000.0 0.0 1.0 0.0 0.0 0.0 6.0 6.0 4.0 0.0 0.0 0.0 0.0 1.0 0.0 0.0 0.0 1.0 28.0 1.0
-0.5510132450940426 0.0 1.0 1.0 1.0 0.0 6.0 1.0 2.0 16.0 9.0 2.0 1.0 0.0 2.0 142.0 100000.0 0.0 0.0 0.0 0.0 0.0 6.0 6.0 2.0 0.0 0.0 0.0 0.0 1.0 0.0 0.0 0.0 1.0 28.0 1.0
3.05594279408316 2.0 1.0 1.0 1.0 0.0 6.0 0.0 5.0 3.0 9.0 1.0 1.0 0.0 2.0 100000.0 124.0 0.0 0.0 0.0 500.0 46.0 8.0 6.0 0.0 0.0 0.0 0.0 0.0 0.0 0.0 0.0 0.0 1.0 18.0 5.0
-0.1782771820294945 2.0 1.0 1.0 1.0 0.0 6.0 0.0 5.0 4.0 9.0 1.0 1.0 0.0 0.0 100000.0 100000.0 0.0 0.0 0.0 500.0 48.0 6.0 4.0 1.0 0.0 0.0 0.0 0.0 0.0 0.0 0.0 0.0 1.0 18.0 5.0
-1.2680994567078596 2.0 1.0 1.0 1.0 0.0 6.0 0.0 5.0 3.0 9.0 1.0 1.0 0.0 0.0 100000.0 100000.0 0.0 0.0 0.0 500.0 46.0 8.0 6.0 2.0 0.0 0.0 0.0 0.0 0.0 0.0 0.0 0.0 1.0 18.0 5.0
2.1761913413509797 3.0 1.0 1.0 1.0 0.0 0.0 0.0 7.0 10.0 9.0 1.0 6.0 0.0 0.0 100000.0 100000.0 0.0 0.0 0.0 1000.0 56.0 7.0 4.0 0.0 0.0 0.0 0.0 0.0 0.0 0.0 0.0 0.0 1.0 3.0 5.0
1.5523893141811473 0.0 1.0 1.0 1.0 0.0 0.0 1.0 7.0 0.0 9.0 2.0 6.0 0.0 2.0 6.0 100000.0 2.0 0.0 0.0 0.0 0.0 5.0 5.0 0.0 0.0 0.0 0.0 0.0 0.0 0.0 1.0 0.0 1.0 3.0 4.0
-0.46185878122166757 0.0 1.0 0.0 0.0 0.0 2.0 1.0 7.0 18.0 1.0 1.0 -1000.0 0.0 2.0 0.0 100000.0 2.0 2.0 2.0 1000.0 0.0 4.0 4.0 14.0 0.0 1.0 0.0 0.0 0.0 0.0 0.0 0.0 0.0 3.0 4.0
-1.5243817266178574 0.0 1.0 0.0 0.0 0.0 2.0 1.0 7.0 18.0 1.0 1.0 -1000.0 0.0 1.0 13.0 100000.0 1.0 1.0 0.0 1000.0 0.0 6.0 6.0 21.0 0.0 1.0 0.0 0.0 0.0 0.0 0.0 0.0 0.0 3.0 4.0
-2.5224890668456954 0.0 1.0 0.0 0.0 0.0 2.0 1.0 7.0 18.0 1.0 1.0 -1000.0 0.0 2.0 0.0 100000.0 2.0 2.0 0.0 1000.0 0.0 7.0 7.0 17.0 0.0 1.0 0.0 0.0 0.0 0.0 0.0 0.0 0.0 3.0 4.0
-2.46006148355423 0.0 1.0 0.0 0.0 0.0 2.0 1.0 7.0 18.0 1.0 1.0 -1000.0 0.0 1.0 2.0 100000.0 1.0 1.0 0.0 1000.0 0.0 8.0 8.0 22.0 0.0 1.0 0.0 0.0 0.0 0.0 0.0 0.0 0.0 3.0 4.0
3.6658222362544692 1.0 1.0 0.0 0.0 0.0 2.0 1.0 1.0 3.0 9.0 3.0 1.0 0.0 26.0 8.0 12.0 5.0 19.0 21.0 0.0 38.0 7.0 6.0 0.0 1.0 1.0 0.0 0.0 0.0 0.0 0.0 0.0 1.0 18.0 8.0
-2.985490453616252 1.0 1.0 0.0 0.0 0.0 2.0 1.0 1.0 10.0 9.0 3.0 1.0 0.0 3.0 67.0 138.0 0.0 0.0 0.0 0.0 37.0 8.0 7.0 3.0 1.0 1.0 0.0 0.0 0.0 0.0 0.0 0.0 1.0 18.0 8.0
-2.298666202061461 1.0 1.0 0.0 0.0 0.0 2.0 1.0 1.0 7.0 9.0 3.0 1.0 0.0 5.0 123.0 100000.0 0.0 0.0 0.0 0.0 41.0 4.0 3.0 1.0 0.0 1.0 0.0 0.0 1.0 0.0 0.0 0.0 1.0 18.0 8.0
-2.8820335253112632 1.0 1.0 0.0 0.0 0.0 2.0 1.0 1.0 7.0 9.0 3.0 1.0 0.0 5.0 123.0 100000.0 0.0 0.0 0.0 0.0 40.0 5.0 4.0 2.0 0.0 1.0 0.0 0.0 1.0 0.0 0.0 0.0 1.0 18.0 8.0
-4.8027135527801255 1.0 1.0 0.0 0.0 0.0 7.0 1.0 1.0 3.0 8.0 1.0 -1000.0 0.0 0.0 100000.0 100000.0 0.0 0.0 0.0 0.0 40.0 5.0 4.0 8.0 0.0 0.0 0.0 0.0 0.0 0.0 0.0 1.0 0.0 18.0 8.0
0.15526271123164248 2.0 1.0 1.0 1.0 0.0 6.0 0.0 5.0 12.0 9.0 1.0 1.0 0.0 0.0 100000.0 100000.0 0.0 0.0 0.0 0.0 50.0 4.0 2.0 0.0 0.0 0.0 0.0 0.0 0.0 0.0 0.0 0.0 1.0 3.0 3.0
0.11527007951310947 2.0 1.0 1.0 1.0 0.0 6.0 0.0 5.0 12.0 9.0 1.0 1.0 0.0 1.0 3.0 100000.0 1.0 1.0 1.0 1000.0 1.0 11.0 9.0 1.0 0.0 0.0 0.0 0.0 0.0 0.0 0.0 0.0 1.0 3.0 3.0
-2.0557485241740756 2.0 1.0 1.0 1.0 0.0 6.0 0.0 5.0 12.0 9.0 1.0 1.0 0.0 0.0 100000.0 100000.0 0.0 0.0 0.0 0.0 0.0 6.0 4.0 5.0 0.0 0.0 0.0 0.0 0.0 0.0 0.0 0.0 1.0 3.0 3.0
-1.993542464163764 2.0 1.0 1.0 1.0 0.0 6.0 0.0 5.0 12.0 9.0 1.0 1.0 0.0 0.0 100000.0 100000.0 0.0 0.0 0.0 0.0 6.0 6.0 4.0 2.0 0.0 0.0 0.0 0.0 0.0 0.0 0.0 0.0 1.0 3.0 3.0
-2.1282468784768156 2.0 1.0 1.0 1.0 0.0 6.0 0.0 5.0 12.0 9.0 1.0 1.0 0.0 0.0 100000.0 100000.0 0.0 0.0 0.0 0.0 3.0 9.0 7.0 3.0 0.0 0.0 0.0 0.0 0.0 0.0 0.0 0.0 1.0 3.0 3.0
1.6672046851423428 3.0 1.0 1.0 1.0 0.0 6.0 0.0 5.0 4.0 9.0 2.0 1.0 0.0 1.0 100000.0 32.0 0.0 0.0 0.0 0.0 58.0 5.0 2.0 0.0 0.0 0.0 0.0 1.0 0.0 0.0 0.0 0.0 1.0 5.0 18.0
-0.9410111745666369 0.0 1.0 1.0 1.0 0.0 2.0 0.0 2.0 5.0 9.0 3.0 21.0 0.0 2.0 100000.0 48.0 0.0 1.0 0.0 0.0 0.0 4.0 4.0 0.0 0.0 1.0 0.0 0.0 1.0 0.0 0.0 0.0 1.0 6.0 2.0
3.670125319206709 0.0 1.0 0.0 0.0 0.0 1.0 0.0 2.0 11.0 9.0 3.0 7.0 0.0 10.0 1.0 2.0 9.0 0.0 4.0 1000.0 0.0 6.0 6.0 4.0 1.0 1.0 0.0 0.0 0.0 0.0 0.0 0.0 1.0 6.0 2.0
-1.007372551990434 0.0 1.0 0.0 0.0 0.0 2.0 0.0 2.0 0.0 9.0 3.0 6.0 0.0 11.0 6.0 24.0 5.0 1.0 1.0 0.0 0.0 7.0 7.0 5.0 1.0 1.0 0.0 0.0 0.0 0.0 0.0 0.0 1.0 6.0 2.0
1.0271158115030474 0.0 1.0 0.0 0.0 0.0 2.0 1.0 2.0 12.0 9.0 2.0 1.0 0.0 17.0 20.0 15.0 8.0 11.0 0.0 0.0 0.0 3.0 3.0 101.0 0.0 1.0 0.0 0.0 0.0 0.0 0.0 0.0 1.0 6.0 2.0
0.12556961642084039 0.0 1.0 0.0 0.0 0.0 2.0 1.0 2.0 18.0 1.0 1.0 -1000.0 0.0 10.0 25.0 24.0 2.0 1.0 2.0 0.0 0.0 5.0 5.0 190.0 0.0 1.0 0.0 0.0 0.0 0.0 0.0 0.0 0.0 6.0 2.0
2.6573475084160454 2.0 1.0 1.0 1.0 0.0 6.0 0.0 5.0 12.0 9.0 1.0 1.0 0.0 6.0 1.0 1.0 2.0 2.0 6.0 1000.0 51.0 3.0 1.0 0.0 0.0 0.0 0.0 0.0 0.0 0.0 0.0 0.0 1.0 25.0 3.0
1.0783828974569563 2.0 1.0 1.0 1.0 0.0 6.0 0.0 5.0 12.0 9.0 1.0 1.0 0.0 6.0 100000.0 3.0 1.0 0.0 6.0 0.0 8.0 4.0 2.0 1.0 0.0 0.0 0.0 0.0 0.0 0.0 0.0 0.0 1.0 25.0 3.0
0.17764176911886376 2.0 1.0 1.0 1.0 0.0 6.0 0.0 5.0 12.0 9.0 1.0 1.0 0.0 1.0 100000.0 231.0 0.0 0.0 0.0 0.0 7.0 5.0 3.0 2.0 0.0 0.0 0.0 0.0 0.0 0.0 0.0 0.0 1.0 25.0 3.0
-2.4283568040085974 2.0 1.0 1.0 1.0 0.0 6.0 0.0 5.0 4.0 9.0 1.0 1.0 0.0 0.0 100000.0 100000.0 0.0 0.0 0.0 0.0 3.0 9.0 7.0 3.0 0.0 0.0 0.0 0.0 0.0 0.0 0.0 0.0 1.0 25.0 3.0
4.391748517097426 3.0 1.0 0.0 0.0 0.0 2.0 0.0 6.0 0.0 9.0 2.0 0.0 0.0 17.0 1.0 1.0 7.0 5.0 16.0 1000.0 59.0 4.0 1.0 0.0 0.0 1.0 0.0 0.0 0.0 0.0 0.0 0.0 1.0 4.0 18.0
-0.43856826738252747 3.0 1.0 0.0 0.0 0.0 4.0 0.0 6.0 10.0 9.0 2.0 0.0 0.0 3.0 21.0 53.0 1.0 0.0 0.0 1000.0 53.0 4.0 1.0 1.0 0.0 0.0 0.0 1.0 0.0 0.0 0.0 0.0 1.0 4.0 18.0
-4.930105753112155 3.0 1.0 0.0 0.0 0.0 8.0 0.0 6.0 10.0 9.0 1.0 0.0 0.0 0.0 100000.0 100000.0 0.0 0.0 0.0 0.0 25.0 14.0 11.0 2.0 0.0 0.0 0.0 0.0 0.0 0.0 0.0 0.0 1.0 4.0 18.0
-0.8090502167706247 3.0 1.0 0.0 0.0 0.0 2.0 1.0 6.0 12.0 9.0 2.0 1.0 0.0 1.0 100000.0 51.0 0.0 0.0 0.0 500.0 23.0 10.0 7.0 3.0 0.0 1.0 0.0 0.0 0.0 0.0 0.0 0.0 1.0 4.0 18.0
-4.762205500352025 3.0 1.0 0.0 0.0 0.0 8.0 0.0 6.0 10.0 9.0 1.0 0.0 0.0 0.0 100000.0 100000.0 0.0 0.0 0.0 250.0 9.0 18.0 15.0 5.0 0.0 0.0 0.0 0.0 0.0 0.0 0.0 0.0 1.0 4.0 18.0
0.09585314174193393 0.0 1.0 1.0 1.0 0.0 2.0 0.0 1.0 0.0 9.0 3.0 19.0 0.0 2.0 1.0 187.0 1.0 1.0 0.0 1000.0 0.0 11.0 11.0 0.0 1.0 1.0 0.0 0.0 0.0 0.0 0.0 0.0 1.0 8.0 21.0
3.226600857332707 0.0 1.0 0.0 0.0 0.0 6.0 0.0 1.0 16.0 9.0 2.0 1.0 0.0 35.0 100000.0 1.0 5.0 16.0 8.0 1000.0 0.0 3.0 3.0 7.0 0.0 0.0 0.0 0.0 1.0 0.0 0.0 0.0 1.0 8.0 21.0
1.1587623493434396 0.0 1.0 0.0 0.0 0.0 6.0 0.0 1.0 16.0 9.0 2.0 1.0 0.0 17.0 11.0 7.0 7.0 3.0 0.0 0.0 0.0 2.0 2.0 8.0 0.0 0.0 0.0 0.0 1.0 0.0 0.0 0.0 1.0 8.0 21.0
0.5906422047564199 0.0 1.0 0.0 0.0 0.0 1.0 0.0 1.0 11.0 9.0 3.0 2.0 0.0 11.0 1.0 4.0 8.0 0.0 0.0 1000.0 0.0 4.0 4.0 6.0 1.0 1.0 0.0 0.0 0.0 0.0 0.0 0.0 1.0 8.0 21.0
0.3936833738317791 0.0 1.0 0.0 0.0 0.0 6.0 0.0 1.0 16.0 9.0 2.0 1.0 0.0 8.0 100000.0 6.0 1.0 1.0 0.0 0.0 0.0 5.0 5.0 10.0 0.0 0.0 0.0 0.0 1.0 0.0 0.0 0.0 1.0 8.0 21.0
3.6986256950214957 1.0 1.0 1.0 1.0 0.0 2.0 0.0 3.0 3.0 9.0 3.0 1.0 0.0 7.0 76.0 6.0 2.0 3.0 5.0 0.0 42.0 3.0 2.0 1.0 0.0 1.0 0.0 0.0 1.0 0.0 0.0 0.0 1.0 7.0 11.0
1.2407409657012296 1.0 1.0 1.0 1.0 0.0 2.0 0.0 3.0 4.0 9.0 2.0 1.0 0.0 10.0 11.0 1.0 6.0 0.0 0.0 1000.0 40.0 5.0 4.0 0.0 0.0 1.0 0.0 0.0 0.0 0.0 0.0 0.0 1.0 7.0 11.0
-8.650649271348767 1.0 0.0 1.0 1.0 0.0 6.0 2.0 3.0 0.0 9.0 1.0 1.0 0.0 0.0 100000.0 100000.0 0.0 0.0 0.0 0.0 39.0 7.0 6.0 2.0 0.0 0.0 0.0 0.0 0.0 0.0 0.0 0.0 1.0 7.0 11.0
-3.426293109855704 1.0 1.0 0.0 0.0 0.0 7.0 0.0 3.0 3.0 9.0 2.0 0.0 0.0 0.0 100000.0 100000.0 0.0 0.0 0.0 0.0 39.0 6.0 5.0 3.0 0.0 0.0 0.0 0.0 0.0 0.0 0.0 1.0 1.0 7.0 11.0
-3.997572411038001 1.0 1.0 0.0 0.0 0.0 9.0 1.0 3.0 18.0 4.0 1.0 -1000.0 0.0 0.0 100000.0 100000.0 0.0 0.0 0.0 0.0 37.0 8.0 7.0 5.0 0.0 0.0 0.0 0.0 1.0 0.0 0.0 0.0 0.0 7.0 11.0
-0.6772373111952229 2.0 1.0 1.0 1.0 0.0 6.0 0.0 5.0 0.0 9.0 1.0 1.0 0.0 2.0 19.0 100000.0 2.0 0.0 0.0 250.0 4.0 18.0 16.0 0.0 0.0 0.0 0.0 0.0 0.0 0.0 0.0 0.0 1.0 5.0 18.0
-0.9855788932156957 2.0 1.0 1.0 1.0 0.0 6.0 0.0 5.0 0.0 9.0 1.0 1.0 0.0 0.0 100000.0 100000.0 0.0 0.0 0.0 500.0 11.0 11.0 9.0 1.0 0.0 0.0 0.0 0.0 0.0 0.0 0.0 0.0 1.0 5.0 18.0
-1.1306783879828588 2.0 1.0 1.0 1.0 0.0 6.0 0.0 5.0 10.0 9.0 1.0 1.0 0.0 0.0 100000.0 100000.0 0.0 0.0 0.0 500.0 11.0 13.0 11.0 3.0 0.0 0.0 0.0 0.0 0.0 0.0 0.0 0.0 1.0 5.0 18.0
-1.252310115956811 2.0 1.0 1.0 1.0 0.0 6.0 0.0 5.0 10.0 9.0 1.0 1.0 0.0 0.0 100000.0 100000.0 0.0 0.0 0.0 500.0 8.0 16.0 14.0 7.0 0.0 0.0 0.0 0.0 0.0 0.0 0.0 0.0 1.0 5.0 18.0
-2.6463758261660466 2.0 1.0 1.0 1.0 0.0 6.0 0.0 5.0 0.0 9.0 1.0 1.0 0.0 0.0 100000.0 100000.0 0.0 0.0 0.0 333.0 10.0 12.0 10.0 4.0 0.0 0.0 0.0 0.0 0.0 0.0 0.0 0.0 1.0 5.0 18.0
4.0135031128631455 3.0 1.0 0.0 0.0 0.0 6.0 0.0 1.0 16.0 9.0 2.0 1.0 0.0 12.0 44.0 8.0 4.0 11.0 9.0 0.0 59.0 4.0 1.0 0.0 0.0 0.0 0.0 0.0 1.0 0.0 0.0 0.0 1.0 9.0 8.0
-2.49082339112359 3.0 1.0 0.0 0.0 0.0 6.0 0.0 1.0 16.0 9.0 1.0 1.0 0.0 0.0 100000.0 100000.0 0.0 0.0 0.0 500.0 56.0 7.0 4.0 1.0 0.0 0.0 0.0 0.0 0.0 0.0 0.0 0.0 1.0 9.0 8.0
-8.687707830001498 3.0 1.0 0.0 0.0 0.0 6.0 0.0 1.0 0.0 3.0 1.0 -1000.0 0.0 0.0 100000.0 100000.0 0.0 0.0 0.0 111.0 -18.0 51.0 48.0 2.0 0.0 0.0 0.0 1.0 0.0 0.0 0.0 0.0 0.0 9.0 8.0
-0.6497328610962977 3.0 1.0 0.0 0.0 0.0 2.0 1.0 1.0 18.0 1.0 1.0 -1000.0 0.0 1.0 100000.0 112.0 0.0 0.0 1.0 0.0 13.0 8.0 5.0 4.0 0.0 1.0 0.0 0.0 0.0 0.0 0.0 0.0 0.0 9.0 8.0
-1.4823752163564134 3.0 1.0 0.0 0.0 0.0 6.0 1.0 1.0 3.0 9.0 1.0 1.0 0.0 5.0 100000.0 24.0 1.0 0.0 0.0 0.0 -4.0 3.0 0.0 3.0 0.0 0.0 0.0 0.0 0.0 0.0 0.0 0.0 1.0 9.0 8.0
2.8973374863906 1.0 1.0 0.0 0.0 0.0 2.0 0.0 1.0 0.0 9.0 2.0 0.0 0.0 14.0 2.0 34.0 3.0 1.0 9.0 1000.0 41.0 4.0 3.0 0.0 0.0 1.0 0.0 0.0 0.0 0.0 0.0 0.0 1.0 9.0 18.0
-0.4409297623162796 1.0 1.0 0.0 0.0 0.0 4.0 1.0 1.0 10.0 9.0 2.0 0.0 0.0 1.0 151.0 100000.0 0.0 0.0 0.0 1000.0 39.0 4.0 3.0 1.0 0.0 0.0 0.0 1.0 0.0 0.0 0.0 0.0 1.0 9.0 18.0
-0.6642033389131351 1.0 1.0 0.0 0.0 0.0 2.0 1.0 1.0 18.0 1.0 1.0 -1000.0 0.0 1.0 3.0 100000.0 1.0 0.0 0.0 1000.0 41.0 4.0 3.0 4.0 0.0 1.0 0.0 0.0 0.0 0.0 0.0 0.0 0.0 9.0 18.0
-4.051039461505101 1.0 1.0 0.0 0.0 0.0 8.0 0.0 1.0 0.0 9.0 1.0 0.0 0.0 0.0 100000.0 100000.0 0.0 0.0 0.0 500.0 35.0 10.0 9.0 5.0 0.0 0.0 0.0 0.0 0.0 0.0 0.0 0.0 1.0 9.0 18.0
-4.618709315552226 1.0 1.0 0.0 0.0 0.0 8.0 1.0 1.0 3.0 9.0 1.0 0.0 0.0 0.0 100000.0 100000.0 0.0 0.0 0.0 500.0 33.0 10.0 9.0 8.0 0.0 0.0 0.0 0.0 0.0 0.0 0.0 0.0 1.0 9.0 18.0
1.3774632197732486 2.0 1.0 1.0 1.0 0.0 6.0 0.0 1.0 16.0 9.0 2.0 1.0 0.0 21.0 29.0 7.0 4.0 0.0 0.0 0.0 52.0 2.0 0.0 0.0 0.0 0.0 0.0 0.0 1.0 0.0 0.0 0.0 1.0 1.0 1.0
-3.088013074941177 2.0 1.0 0.0 0.0 0.0 9.0 1.0 1.0 18.0 4.0 1.0 -1000.0 0.0 0.0 100000.0 100000.0 0.0 0.0 0.0 0.0 47.0 5.0 3.0 1.0 0.0 0.0 0.0 0.0 1.0 0.0 0.0 0.0 0.0 1.0 1.0
-3.7104848880709076 2.0 1.0 0.0 0.0 0.0 9.0 1.0 1.0 18.0 4.0 1.0 -1000.0 0.0 0.0 100000.0 100000.0 0.0 0.0 0.0 0.0 46.0 6.0 4.0 2.0 0.0 0.0 0.0 0.0 1.0 0.0 0.0 0.0 0.0 1.0 1.0
-3.2222335126811417 2.0 1.0 1.0 1.0 0.0 6.0 1.0 1.0 17.0 9.0 1.0 1.0 0.0 0.0 100000.0 100000.0 0.0 0.0 0.0 0.0 9.0 4.0 2.0 3.0 0.0 0.0 0.0 0.0 0.0 0.0 0.0 0.0 1.0 1.0 1.0
-5.777805506905676 2.0 1.0 0.0 0.0 0.0 2.0 0.0 1.0 0.0 0.0 2.0 -1000.0 0.0 1.0 100000.0 198.0 0.0 0.0 0.0 142.0 -35.0 41.0 39.0 4.0 1.0 1.0 0.0 0.0 0.0 0.0 0.0 0.0 0.0 1.0 1.0
4.667539975363969 1.0 1.0 1.0 1.0 0.0 2.0 0.0 2.0 0.0 9.0 3.0 19.0 0.0 9.0 5.0 16.0 4.0 5.0 9.0 0.0 42.0 3.0 2.0 0.0 1.0 1.0 0.0 0.0 0.0 0.0 0.0 0.0 1.0 16.0 18.0
1.8962744192300958 1.0 1.0 0.0 0.0 0.0 2.0 0.0 2.0 0.0 9.0 3.0 1.0 0.0 4.0 54.0 5.0 2.0 0.0 4.0 0.0 35.0 10.0 9.0 1.0 1.0 1.0 0.0 0.0 0.0 0.0 0.0 0.0 1.0 16.0 18.0
-1.4618480326141818 1.0 1.0 0.0 0.0 0.0 2.0 1.0 2.0 12.0 8.0 2.0 -1000.0 0.0 24.0 14.0 10.0 4.0 0.0 0.0 0.0 39.0 6.0 5.0 29.0 0.0 1.0 0.0 0.0 0.0 0.0 0.0 1.0 0.0 16.0 18.0
-0.9187784942530927 1.0 1.0 0.0 0.0 0.0 2.0 1.0 2.0 18.0 1.0 1.0 -1000.0 0.0 11.0 17.0 10.0 4.0 0.0 11.0 0.0 38.0 7.0 6.0 30.0 0.0 1.0 0.0 0.0 0.0 0.0 0.0 0.0 0.0 16.0 18.0
-2.4685890457879167 1.0 1.0 0.0 0.0 0.0 2.0 0.0 2.0 0.0 8.0 2.0 -1000.0 0.0 1.0 49.0 100000.0 0.0 0.0 0.0 0.0 39.0 6.0 5.0 13.0 0.0 1.0 0.0 0.0 0.0 0.0 0.0 1.0 0.0 16.0 18.0
2.072520906084708 3.0 1.0 1.0 1.0 0.0 2.0 0.0 2.0 0.0 9.0 3.0 19.0 0.0 3.0 100000.0 13.0 3.0 0.0 2.0 0.0 59.0 4.0 1.0 0.0 1.0 1.0 0.0 0.0 0.0 0.0 0.0 0.0 1.0 17.0 4.0
-7.032644098498149 3.0 1.0 0.0 0.0 0.0 6.0 0.0 2.0 0.0 3.0 1.0 -1000.0 0.0 0.0 100000.0 100000.0 0.0 0.0 0.0 0.0 -10.0 43.0 40.0 1.0 0.0 0.0 0.0 1.0 0.0 0.0 0.0 0.0 0.0 17.0 4.0
-6.214590403881475 3.0 1.0 0.0 0.0 0.0 8.0 0.0 2.0 10.0 9.0 1.0 0.0 0.0 0.0 100000.0 100000.0 0.0 0.0 0.0 0.0 -5.0 32.0 29.0 7.0 0.0 0.0 0.0 0.0 0.0 0.0 0.0 0.0 1.0 17.0 4.0
-7.540017096944881 3.0 1.0 0.0 0.0 0.0 6.0 0.0 2.0 0.0 3.0 1.0 -1000.0 0.0 0.0 100000.0 100000.0 0.0 0.0 0.0 0.0 -11.0 44.0 41.0 2.0 0.0 0.0 0.0 1.0 0.0 0.0 0.0 0.0 0.0 17.0 4.0
-7.04323609141214 3.0 1.0 0.0 0.0 0.0 6.0 0.0 2.0 0.0 3.0 1.0 -1000.0 0.0 0.0 100000.0 100000.0 0.0 0.0 0.0 0.0 -22.0 55.0 52.0 4.0 0.0 0.0 0.0 1.0 0.0 0.0 0.0 0.0 0.0 17.0 4.0
1.4484203662554718 0.0 1.0 1.0 1.0 0.0 6.0 0.0 5.0 3.0 9.0 1.0 1.0 0.0 4.0 100000.0 147.0 0.0 0.0 0.0 0.0 0.0 7.0 7.0 0.0 0.0 0.0 0.0 0.0 0.0 0.0 0.0 0.0 1.0 5.0 18.0
0.18783945769979715 0.0 1.0 1.0 1.0 0.0 6.0 0.0 5.0 3.0 9.0 1.0 1.0 0.0 0.0 100000.0 100000.0 0.0 0.0 0.0 500.0 0.0 10.0 10.0 1.0 0.0 0.0 0.0 0.0 0.0 0.0 0.0 0.0 1.0 5.0 18.0
-1.8758668161184122 0.0 1.0 1.0 1.0 0.0 6.0 0.0 5.0 3.0 9.0 1.0 1.0 0.0 0.0 100000.0 100000.0 0.0 0.0 0.0 333.0 0.0 15.0 15.0 3.0 0.0 0.0 0.0 0.0 0.0 0.0 0.0 0.0 1.0 5.0 18.0
-1.2083784185751505 0.0 1.0 1.0 1.0 0.0 6.0 1.0 5.0 16.0 9.0 1.0 1.0 0.0 23.0 100000.0 24.0 1.0 0.0 0.0 0.0 0.0 4.0 4.0 5.0 0.0 0.0 0.0 0.0 0.0 0.0 0.0 0.0 1.0 5.0 18.0
-2.155495411596738 0.0 1.0 1.0 1.0 0.0 6.0 0.0 5.0 10.0 9.0 1.0 1.0 0.0 0.0 100000.0 100000.0 0.0 0.0 0.0 0.0 0.0 10.0 10.0 2.0 0.0 0.0 0.0 0.0 0.0 0.0 0.0 0.0 1.0 5.0 18.0
-0.06466329587982816 2.0 1.0 0.0 0.0 0.0 0.0 0.0 7.0 1.0 9.0 1.0 1.0 0.0 0.0 100000.0 100000.0 0.0 0.0 0.0 0.0 50.0 4.0 2.0 0.0 0.0 0.0 0.0 0.0 0.0 0.0 0.0 0.0 1.0 2.0 18.0
-0.6278299450446694 2.0 1.0 0.0 0.0 0.0 0.0 0.0 7.0 1.0 9.0 1.0 1.0 0.0 0.0 100000.0 100000.0 0.0 0.0 0.0 500.0 46.0 8.0 6.0 1.0 0.0 0.0 0.0 0.0 0.0 0.0 0.0 0.0 1.0 2.0 18.0
-1.483959593984941 2.0 1.0 0.0 0.0 0.0 0.0 0.0 7.0 1.0 9.0 1.0 1.0 0.0 0.0 100000.0 100000.0 0.0 0.0 0.0 500.0 -3.0 9.0 7.0 3.0 0.0 0.0 0.0 0.0 0.0 0.0 0.0 0.0 1.0 2.0 18.0
-1.2305658032758278 2.0 1.0 0.0 0.0 0.0 0.0 0.0 7.0 1.0 9.0 1.0 1.0 0.0 0.0 100000.0 100000.0 0.0 0.0 0.0 500.0 -4.0 10.0 8.0 4.0 0.0 0.0 0.0 0.0 0.0 0.0 0.0 0.0 1.0 2.0 18.0
-1.2305658032758278 2.0 1.0 0.0 0.0 0.0 0.0 0.0 7.0 1.0 9.0 1.0 1.0 0.0 0.0 100000.0 100000.0 0.0 0.0 0.0 500.0 -4.0 10.0 8.0 5.0 0.0 0.0 0.0 0.0 0.0 0.0 0.0 0.0 1.0 2.0 18.0
3.6036675919204155 3.0 1.0 1.0 1.0 0.0 0.0 1.0 7.0 12.0 9.0 2.0 1.0 0.0 4.0 3.0 1.0 4.0 3.0 3.0 1000.0 55.0 8.0 5.0 0.0 0.0 1.0 0.0 0.0 0.0 0.0 0.0 0.0 1.0 3.0 3.0
-1.4767620612944474 3.0 1.0 0.0 0.0 0.0 2.0 1.0 7.0 18.0 1.0 1.0 -1000.0 0.0 3.0 101.0 33.0 0.0 3.0 3.0 0.0 56.0 7.0 4.0 1.0 0.0 1.0 0.0 0.0 0.0 0.0 0.0 0.0 0.0 3.0 3.0
3.832969841987436 0.0 1.0 1.0 1.0 0.0 0.0 1.0 7.0 0.0 9.0 2.0 20.0 0.0 1.0 3.0 100000.0 1.0 1.0 1.0 1000.0 0.0 3.0 3.0 9.0 0.0 1.0 0.0 0.0 0.0 0.0 0.0 0.0 1.0 3.0 4.0
4.567072424248911 0.0 1.0 1.0 1.0 0.0 0.0 1.0 7.0 0.0 9.0 2.0 20.0 0.0 1.0 100000.0 10.0 1.0 1.0 1.0 0.0 0.0 11.0 11.0 10.0 0.0 1.0 0.0 0.0 0.0 0.0 0.0 0.0 1.0 3.0 4.0
4.5950293868057805 0.0 1.0 1.0 1.0 0.0 0.0 1.0 7.0 0.0 9.0 2.0 20.0 0.0 3.0 100000.0 2.0 3.0 3.0 3.0 0.0 0.0 9.0 9.0 8.0 0.0 1.0 0.0 0.0 0.0 0.0 0.0 0.0 1.0 3.0 4.0
0.9675586885603041 0.0 1.0 1.0 1.0 0.0 0.0 0.0 7.0 1.0 9.0 1.0 20.0 0.0 0.0 100000.0 100000.0 0.0 0.0 0.0 0.0 0.0 7.0 7.0 0.0 0.0 0.0 0.0 0.0 0.0 0.0 0.0 0.0 1.0 3.0 4.0
0.14618589406808852 0.0 1.0 1.0 1.0 0.0 0.0 0.0 7.0 1.0 9.0 1.0 20.0 0.0 0.0 100000.0 100000.0 0.0 0.0 0.0 0.0 0.0 7.0 7.0 1.0 0.0 0.0 0.0 0.0 0.0 0.0 0.0 0.0 1.0 3.0 4.0
3.5816122695164134 2.0 1.0 0.0 0.0 0.0 0.0 0.0 7.0 1.0 9.0 2.0 1.0 0.0 2.0 100000.0 1.0 1.0 2.0 2.0 1000.0 45.0 9.0 7.0 1.0 0.0 1.0 0.0 0.0 0.0 0.0 0.0 0.0 1.0 18.0 4.0
2.299986147648598 2.0 1.0 0.0 0.0 0.0 0.0 0.0 7.0 1.0 9.0 2.0 1.0 0.0 4.0 2.0 33.0 1.0 3.0 0.0 1000.0 37.0 17.0 15.0 0.0 0.0 1.0 0.0 0.0 0.0 0.0 0.0 0.0 1.0 18.0 4.0
0.6553093686721317 2.0 1.0 0.0 0.0 0.0 0.0 0.0 7.0 1.0 9.0 1.0 1.0 0.0 0.0 100000.0 100000.0 0.0 0.0 0.0 1000.0 40.0 14.0 12.0 3.0 0.0 0.0 0.0 0.0 0.0 0.0 0.0 0.0 1.0 18.0 4.0
0.010359668371806893 2.0 1.0 0.0 0.0 0.0 0.0 0.0 7.0 1.0 9.0 1.0 1.0 0.0 0.0 100000.0 100000.0 0.0 0.0 0.0 1000.0 48.0 6.0 4.0 2.0 0.0 0.0 0.0 0.0 0.0 0.0 0.0 0.0 1.0 18.0 4.0
-1.5048065888724413 2.0 1.0 0.0 0.0 0.0 0.0 0.0 7.0 1.0 9.0 1.0 1.0 0.0 0.0 100000.0 100000.0 0.0 0.0 0.0 500.0 38.0 16.0 14.0 4.0 0.0 0.0 0.0 0.0 0.0 0.0 0.0 0.0 1.0 18.0 4.0
-0.16884818000199878 3.0 1.0 0.0 0.0 0.0 0.0 0.0 7.0 1.0 9.0 1.0 1.0 0.0 0.0 100000.0 100000.0 0.0 0.0 0.0 0.0 60.0 3.0 0.0 0.0 0.0 0.0 0.0 0.0 0.0 0.0 0.0 0.0 1.0 2.0 4.0
-1.0716297656000937 3.0 1.0 0.0 0.0 0.0 0.0 0.0 7.0 1.0 9.0 1.0 1.0 0.0 0.0 100000.0 100000.0 0.0 0.0 0.0 0.0 56.0 7.0 4.0 1.0 0.0 0.0 0.0 0.0 0.0 0.0 0.0 0.0 1.0 2.0 4.0
-1.5799907143142775 3.0 1.0 0.0 0.0 0.0 0.0 0.0 7.0 1.0 9.0 1.0 1.0 0.0 0.0 100000.0 100000.0 0.0 0.0 0.0 0.0 46.0 17.0 14.0 4.0 0.0 0.0 0.0 0.0 0.0 0.0 0.0 0.0 1.0 2.0 4.0
-1.766622610784127 3.0 1.0 0.0 0.0 0.0 0.0 0.0 7.0 1.0 9.0 1.0 1.0 0.0 0.0 100000.0 100000.0 0.0 0.0 0.0 0.0 50.0 13.0 10.0 2.0 0.0 0.0 0.0 0.0 0.0 0.0 0.0 0.0 1.0 2.0 4.0
-1.766622610784127 3.0 1.0 0.0 0.0 0.0 0.0 0.0 7.0 1.0 9.0 1.0 1.0 0.0 0.0 100000.0 100000.0 0.0 0.0 0.0 0.0 47.0 16.0 13.0 3.0 0.0 0.0 0.0 0.0 0.0 0.0 0.0 0.0 1.0 2.0 4.0
1.6055021853021283 1.0 1.0 0.0 0.0 0.0 2.0 1.0 6.0 3.0 9.0 3.0 5.0 0.0 2.0 5.0 12.0 2.0 1.0 1.0 0.0 34.0 11.0 10.0 1.0 0.0 1.0 0.0 0.0 0.0 0.0 0.0 1.0 1.0 4.0 8.0
0.10247322827623828 1.0 1.0 0.0 0.0 0.0 2.0 1.0 6.0 3.0 9.0 3.0 5.0 0.0 1.0 5.0 100000.0 1.0 0.0 0.0 500.0 33.0 12.0 11.0 2.0 0.0 1.0 0.0 0.0 0.0 0.0 0.0 1.0 1.0 4.0 8.0
-0.8550143506409433 1.0 1.0 0.0 0.0 0.0 6.0 0.0 6.0 5.0 9.0 2.0 20.0 0.0 0.0 100000.0 100000.0 0.0 0.0 0.0 0.0 40.0 3.0 2.0 0.0 0.0 0.0 0.0 0.0 1.0 0.0 0.0 0.0 1.0 4.0 8.0
-4.028058143989984 1.0 1.0 0.0 0.0 0.0 7.0 1.0 6.0 3.0 9.0 2.0 5.0 0.0 0.0 100000.0 100000.0 0.0 0.0 0.0 0.0 40.0 5.0 4.0 3.0 0.0 0.0 0.0 0.0 0.0 0.0 0.0 1.0 1.0 4.0 8.0
-4.211531273471339 1.0 1.0 0.0 0.0 0.0 7.0 1.0 6.0 3.0 9.0 2.0 5.0 0.0 0.0 100000.0 100000.0 0.0 0.0 0.0 0.0 37.0 8.0 7.0 4.0 0.0 0.0 0.0 0.0 0.0 0.0 0.0 1.0 1.0 4.0 8.0
2.75185061127096 0.0 1.0 1.0 1.0 0.0 2.0 1.0 2.0 3.0 9.0 3.0 1.0 0.0 29.0 20.0 5.0 4.0 7.0 3.0 0.0 0.0 3.0 3.0 46.0 0.0 1.0 0.0 0.0 1.0 0.0 0.0 0.0 1.0 36.0 5.0
2.4400836786779676 0.0 1.0 1.0 1.0 0.0 2.0 1.0 2.0 3.0 9.0 3.0 1.0 0.0 27.0 100000.0 13.0 3.0 10.0 7.0 0.0 0.0 5.0 5.0 47.0 0.0 1.0 0.0 0.0 1.0 0.0 0.0 0.0 1.0 36.0 5.0
0.8287706252725168 0.0 1.0 1.0 1.0 0.0 2.0 1.0 2.0 3.0 9.0 3.0 1.0 0.0 15.0 2.0 174.0 4.0 0.0 5.0 1000.0 0.0 10.0 10.0 49.0 1.0 1.0 0.0 0.0 0.0 0.0 0.0 0.0 1.0 36.0 5.0
1.4513096993368697 0.0 1.0 1.0 1.0 0.0 2.0 1.0 2.0 3.0 9.0 3.0 1.0 0.0 6.0 48.0 140.0 0.0 1.0 3.0 0.0 0.0 3.0 3.0 59.0 0.0 1.0 0.0 0.0 1.0 0.0 0.0 0.0 1.0 36.0 5.0
-1.520876723052208 0.0 1.0 1.0 1.0 0.0 6.0 0.0 2.0 0.0 9.0 1.0 1.0 0.0 0.0 100000.0 100000.0 0.0 0.0 0.0 1000.0 0.0 5.0 5.0 4.0 0.0 0.0 0.0 0.0 0.0 0.0 0.0 0.0 1.0 36.0 5.0
-1.890761266703661 0.0 1.0 1.0 1.0 0.0 2.0 1.0 1.0 5.0 9.0 3.0 16.0 0.0 4.0 100000.0 96.0 0.0 0.0 0.0 0.0 0.0 4.0 4.0 0.0 0.0 1.0 0.0 0.0 1.0 0.0 0.0 0.0 1.0 18.0 6.0
2.6774394012797473 0.0 1.0 0.0 0.0 0.0 1.0 0.0 1.0 11.0 9.0 3.0 2.0 0.0 26.0 1.0 2.0 11.0 1.0 2.0 1000.0 0.0 6.0 6.0 5.0 1.0 1.0 0.0 0.0 0.0 0.0 0.0 0.0 1.0 18.0 6.0
2.0431972979434465 0.0 1.0 0.0 0.0 0.0 1.0 0.0 1.0 11.0 9.0 3.0 2.0 0.0 15.0 1.0 18.0 7.0 0.0 3.0 1000.0 0.0 5.0 5.0 8.0 1.0 1.0 0.0 0.0 0.0 0.0 0.0 0.0 1.0 18.0 6.0
1.9665331580585075 0.0 1.0 0.0 0.0 0.0 1.0 0.0 1.0 11.0 9.0 3.0 2.0 0.0 20.0 1.0 0.0 12.0 0.0 4.0 1000.0 0.0 3.0 3.0 7.0 1.0 1.0 0.0 0.0 0.0 0.0 0.0 0.0 1.0 18.0 6.0
1.5895563057271906 0.0 1.0 0.0 0.0 0.0 1.0 0.0 1.0 11.0 9.0 3.0 2.0 0.0 8.0 1.0 232.0 3.0 0.0 1.0 1000.0 0.0 10.0 10.0 10.0 1.0 1.0 0.0 0.0 0.0 0.0 0.0 0.0 1.0 18.0 6.0
4.191083896504618 2.0 1.0 1.0 1.0 0.0 6.0 0.0 1.0 16.0 9.0 2.0 1.0 0.0 52.0 2.0 4.0 18.0 31.0 0.0 1000.0 44.0 3.0 1.0 0.0 0.0 0.0 0.0 0.0 1.0 0.0 0.0 0.0 1.0 2.0 1.0
-0.8532442548122638 2.0 1.0 0.0 0.0 0.0 2.0 1.0 1.0 18.0 1.0 1.0 -1000.0 0.0 10.0 43.0 86.0 0.0 10.0 0.0 0.0 50.0 4.0 2.0 5.0 0.0 1.0 0.0 0.0 0.0 0.0 0.0 0.0 0.0 2.0 1.0
-7.502634539318262 2.0 1.0 0.0 0.0 0.0 6.0 0.0 1.0 0.0 3.0 1.0 -1000.0 0.0 0.0 100000.0 100000.0 0.0 0.0 0.0 0.0 39.0 15.0 13.0 1.0 0.0 0.0 0.0 1.0 0.0 0.0 0.0 0.0 0.0 2.0 1.0
-6.416612668711513 2.0 1.0 0.0 0.0 0.0 6.0 1.0 1.0 10.0 3.0 1.0 -1000.0 0.0 0.0 100000.0 100000.0 0.0 0.0 0.0 0.0 43.0 7.0 5.0 6.0 0.0 0.0 0.0 1.0 0.0 0.0 0.0 0.0 0.0 2.0 1.0
-8.005421294229414 2.0 1.0 0.0 0.0 0.0 6.0 0.0 1.0 0.0 3.0 1.0 -1000.0 0.0 0.0 100000.0 100000.0 0.0 0.0 0.0 0.0 37.0 17.0 15.0 2.0 0.0 0.0 0.0 1.0 0.0 0.0 0.0 0.0 0.0 2.0 1.0
5.388444198855 0.0 1.0 1.0 1.0 0.0 1.0 0.0 6.0 11.0 9.0 3.0 40.0 0.0 19.0 6.0 40.0 6.0 7.0 7.0 0.0 0.0 7.0 7.0 0.0 1.0 1.0 0.0 0.0 0.0 0.0 0.0 0.0 1.0 4.0 5.0
2.700453983960682 0.0 1.0 0.0 0.0 0.0 2.0 0.0 6.0 11.0 9.0 3.0 2.0 0.0 17.0 1.0 0.0 3.0 9.0 5.0 1000.0 0.0 6.0 6.0 8.0 1.0 1.0 0.0 0.0 0.0 0.0 0.0 0.0 1.0 4.0 5.0
1.7978510703071973 0.0 1.0 0.0 0.0 0.0 2.0 0.0 6.0 11.0 0.0 2.0 -1000.0 0.0 81.0 41.0 0.0 1.0 22.0 10.0 1000.0 0.0 5.0 5.0 200.0 1.0 1.0 0.0 0.0 0.0 0.0 0.0 0.0 0.0 4.0 5.0
2.0451432908467173 0.0 1.0 0.0 0.0 0.0 6.0 0.0 6.0 11.0 9.0 2.0 2.0 0.0 52.0 4.0 14.0 10.0 2.0 9.0 0.0 0.0 4.0 4.0 10.0 0.0 0.0 0.0 0.0 1.0 0.0 0.0 0.0 1.0 4.0 5.0
2.175811913564023 0.0 1.0 0.0 0.0 0.0 2.0 1.0 6.0 18.0 1.0 1.0 -1000.0 0.0 15.0 30.0 10.0 4.0 2.0 5.0 0.0 0.0 7.0 7.0 258.0 0.0 1.0 0.0 0.0 0.0 0.0 0.0 0.0 0.0 4.0 5.0
3.966260303230759 1.0 1.0 1.0 1.0 0.0 6.0 1.0 2.0 16.0 9.0 2.0 1.0 0.0 37.0 5.0 43.0 1.0 20.0 4.0 0.0 42.0 3.0 2.0 2.0 0.0 0.0 0.0 0.0 1.0 0.0 0.0 0.0 1.0 20.0 1.0
-0.6382505860275001 1.0 1.0 1.0 1.0 0.0 2.0 1.0 2.0 12.0 9.0 2.0 1.0 0.0 14.0 8.0 13.0 4.0 0.0 0.0 0.0 39.0 6.0 5.0 3.0 0.0 1.0 0.0 0.0 0.0 0.0 0.0 0.0 1.0 20.0 1.0
-4.211971310247817 1.0 1.0 1.0 1.0 0.0 6.0 0.0 2.0 0.0 9.0 1.0 1.0 0.0 0.0 100000.0 100000.0 0.0 0.0 0.0 0.0 37.0 8.0 7.0 0.0 0.0 0.0 0.0 0.0 0.0 0.0 0.0 0.0 1.0 20.0 1.0
-5.593806218971828 1.0 1.0 1.0 1.0 0.0 6.0 0.0 2.0 0.0 9.0 1.0 1.0 0.0 0.0 100000.0 100000.0 0.0 0.0 0.0 0.0 33.0 12.0 11.0 1.0 0.0 0.0 0.0 0.0 0.0 0.0 0.0 0.0 1.0 20.0 1.0
-7.05212376147088 1.0 1.0 0.0 0.0 0.0 2.0 0.0 2.0 11.0 0.0 1.0 -1000.0 0.0 2.0 100000.0 45.0 0.0 0.0 0.0 0.0 44.0 1.0 0.0 4.0 1.0 0.0 0.0 0.0 0.0 0.0 0.0 0.0 0.0 20.0 1.0
4.990086838572345 1.0 1.0 1.0 1.0 0.0 1.0 0.0 6.0 11.0 9.0 4.0 20.0 0.0 1.0 1.0 100000.0 1.0 0.0 0.0 1000.0 41.0 4.0 3.0 0.0 1.0 1.0 0.0 1.0 0.0 0.0 0.0 0.0 1.0 4.0 2.0
1.1663636795267185 1.0 1.0 0.0 0.0 0.0 6.0 1.0 6.0 16.0 9.0 2.0 1.0 0.0 8.0 53.0 84.0 0.0 6.0 0.0 0.0 41.0 4.0 3.0 7.0 0.0 0.0 0.0 0.0 1.0 0.0 0.0 0.0 1.0 4.0 2.0
-2.3373817622780924 1.0 1.0 0.0 0.0 0.0 2.0 1.0 6.0 18.0 1.0 1.0 -1000.0 0.0 2.0 100000.0 0.0 1.0 0.0 0.0 1000.0 37.0 8.0 7.0 54.0 0.0 1.0 0.0 0.0 0.0 0.0 0.0 0.0 0.0 4.0 2.0
-3.261029860741114 1.0 1.0 0.0 0.0 0.0 2.0 1.0 6.0 18.0 1.0 1.0 -1000.0 0.0 1.0 100000.0 0.0 1.0 0.0 0.0 1000.0 27.0 18.0 17.0 60.0 0.0 1.0 0.0 0.0 0.0 0.0 0.0 0.0 0.0 4.0 2.0
-0.6011194048521928 1.0 1.0 0.0 0.0 0.0 2.0 0.0 6.0 11.0 0.0 2.0 -1000.0 0.0 15.0 98.0 3.0 4.0 1.0 3.0 0.0 40.0 5.0 4.0 14.0 1.0 1.0 0.0 0.0 0.0 0.0 0.0 0.0 0.0 4.0 2.0
0.947724154621202 2.0 1.0 1.0 1.0 0.0 2.0 0.0 3.0 3.0 9.0 2.0 1.0 0.0 1.0 30.0 100000.0 1.0 0.0 1.0 0.0 47.0 7.0 5.0 0.0 0.0 1.0 0.0 0.0 0.0 0.0 0.0 0.0 1.0 7.0 5.0
-1.8826086293274926 2.0 1.0 1.0 1.0 0.0 6.0 0.0 3.0 7.0 9.0 2.0 1.0 0.0 0.0 100000.0 100000.0 0.0 0.0 0.0 0.0 50.0 4.0 2.0 1.0 0.0 0.0 0.0 0.0 1.0 0.0 0.0 0.0 1.0 7.0 5.0
-6.850959486060946 2.0 0.0 1.0 1.0 0.0 6.0 1.0 3.0 12.0 9.0 1.0 1.0 0.0 0.0 100000.0 100000.0 0.0 0.0 0.0 0.0 48.0 4.0 2.0 2.0 0.0 0.0 0.0 0.0 0.0 0.0 0.0 0.0 1.0 7.0 5.0
-8.077837620812206 2.0 0.0 1.0 1.0 0.0 6.0 2.0 3.0 0.0 9.0 1.0 1.0 0.0 0.0 100000.0 100000.0 0.0 0.0 0.0 0.0 45.0 7.0 5.0 4.0 0.0 0.0 0.0 0.0 0.0 0.0 0.0 0.0 1.0 7.0 5.0
-8.06885437492833 2.0 0.0 1.0 1.0 0.0 6.0 2.0 3.0 0.0 9.0 1.0 1.0 0.0 0.0 100000.0 100000.0 0.0 0.0 0.0 0.0 38.0 14.0 12.0 5.0 0.0 0.0 0.0 0.0 0.0 0.0 0.0 0.0 1.0 7.0 5.0
5.407134002610062 0.0 1.0 1.0 1.0 0.0 1.0 0.0 2.0 11.0 9.0 3.0 40.0 0.0 12.0 12.0 4.0 7.0 3.0 1.0 0.0 0.0 6.0 6.0 0.0 1.0 1.0 0.0 0.0 0.0 0.0 0.0 0.0 1.0 21.0 5.0
1.958489226658097 0.0 1.0 0.0 0.0 0.0 1.0 0.0 2.0 11.0 9.0 3.0 2.0 0.0 15.0 2.0 26.0 6.0 0.0 3.0 1000.0 0.0 5.0 5.0 9.0 1.0 1.0 0.0 0.0 0.0 0.0 0.0 0.0 1.0 21.0 5.0
1.99076538621689 0.0 1.0 0.0 0.0 0.0 2.0 1.0 2.0 3.0 9.0 2.0 1.0 0.0 3.0 28.0 33.0 1.0 2.0 2.0 1000.0 0.0 5.0 5.0 101.0 0.0 1.0 0.0 0.0 0.0 0.0 0.0 0.0 1.0 21.0 5.0
0.8797016844607796 0.0 1.0 0.0 0.0 0.0 1.0 0.0 2.0 11.0 9.0 3.0 2.0 0.0 36.0 1.0 89.0 9.0 0.0 2.0 1000.0 0.0 5.0 5.0 8.0 1.0 1.0 0.0 0.0 0.0 0.0 0.0 0.0 1.0 21.0 5.0
0.5592980586804274 0.0 1.0 0.0 0.0 0.0 2.0 1.0 2.0 3.0 9.0 3.0 19.0 0.0 5.0 24.0 35.0 3.0 1.0 1.0 0.0 0.0 10.0 10.0 2.0 1.0 1.0 0.0 0.0 0.0 0.0 0.0 0.0 1.0 21.0 5.0
0.9369311829947383 1.0 1.0 0.0 0.0 0.0 1.0 0.0 2.0 11.0 9.0 3.0 2.0 0.0 28.0 7.0 7.0 13.0 0.0 0.0 0.0 40.0 5.0 4.0 1.0 1.0 1.0 0.0 0.0 0.0 0.0 0.0 0.0 1.0 15.0 8.0
0.4107358632134913 1.0 1.0 0.0 0.0 0.0 6.0 1.0 2.0 16.0 9.0 2.0 1.0 0.0 6.0 32.0 100000.0 0.0 0.0 5.0 0.0 41.0 4.0 3.0 5.0 0.0 0.0 0.0 0.0 1.0 0.0 0.0 0.0 1.0 15.0 8.0
-1.371983225647165 1.0 1.0 0.0 0.0 0.0 2.0 1.0 2.0 4.0 9.0 2.0 1.0 0.0 8.0 7.0 8.0 7.0 0.0 0.0 0.0 34.0 9.0 8.0 8.0 0.0 1.0 0.0 0.0 0.0 0.0 0.0 0.0 1.0 15.0 8.0
-2.6586179699720174 1.0 1.0 0.0 0.0 0.0 6.0 1.0 2.0 16.0 9.0 2.0 1.0 0.0 0.0 100000.0 100000.0 0.0 0.0 0.0 0.0 39.0 6.0 5.0 7.0 0.0 0.0 0.0 0.0 1.0 0.0 0.0 0.0 1.0 15.0 8.0
-2.636974650185569 1.0 1.0 0.0 0.0 0.0 6.0 1.0 2.0 16.0 9.0 2.0 1.0 0.0 0.0 100000.0 100000.0 0.0 0.0 0.0 0.0 41.0 4.0 3.0 6.0 0.0 0.0 0.0 0.0 1.0 0.0 0.0 0.0 1.0 15.0 8.0
3.9248444504500695 2.0 1.0 0.0 0.0 0.0 2.0 0.0 2.0 0.0 9.0 3.0 5.0 0.0 1.0 100000.0 44.0 0.0 0.0 1.0 1000.0 38.0 16.0 14.0 0.0 0.0 1.0 0.0 0.0 0.0 0.0 0.0 1.0 1.0 6.0 18.0
2.6584637845480534 2.0 1.0 0.0 0.0 0.0 2.0 0.0 2.0 0.0 9.0 3.0 0.0 0.0 2.0 100000.0 2.0 1.0 0.0 2.0 500.0 35.0 19.0 17.0 2.0 0.0 1.0 0.0 0.0 0.0 0.0 0.0 1.0 1.0 6.0 18.0
0.5188493975758368 2.0 1.0 0.0 0.0 0.0 2.0 1.0 2.0 3.0 9.0 3.0 1.0 0.0 4.0 42.0 1.0 2.0 0.0 0.0 1000.0 44.0 8.0 6.0 1.0 1.0 1.0 0.0 0.0 0.0 0.0 0.0 0.0 1.0 6.0 18.0
-0.6051001929580345 2.0 1.0 0.0 0.0 0.0 2.0 0.0 2.0 11.0 0.0 2.0 -1000.0 0.0 18.0 6.0 1.0 7.0 0.0 0.0 1000.0 46.0 8.0 6.0 4.0 1.0 1.0 0.0 0.0 0.0 0.0 0.0 0.0 0.0 6.0 18.0
-1.2912498203027916 2.0 1.0 0.0 0.0 0.0 2.0 1.0 2.0 12.0 9.0 3.0 0.0 0.0 1.0 81.0 100000.0 0.0 0.0 0.0 0.0 50.0 4.0 2.0 3.0 0.0 1.0 0.0 0.0 0.0 0.0 0.0 1.0 1.0 6.0 18.0
3.682773841807377 1.0 1.0 1.0 1.0 0.0 6.0 0.0 5.0 12.0 9.0 1.0 1.0 0.0 36.0 1.0 1.0 7.0 11.0 36.0 1000.0 42.0 3.0 2.0 0.0 0.0 0.0 0.0 0.0 0.0 0.0 0.0 0.0 1.0 25.0 3.0
1.6239215479378313 1.0 1.0 1.0 1.0 0.0 6.0 0.0 5.0 12.0 9.0 1.0 1.0 0.0 2.0 100000.0 6.0 1.0 1.0 2.0 0.0 35.0 10.0 9.0 1.0 0.0 0.0 0.0 0.0 0.0 0.0 0.0 0.0 1.0 25.0 3.0
-1.8847339547168271 1.0 1.0 1.0 1.0 0.0 6.0 0.0 5.0 12.0 9.0 1.0 1.0 0.0 0.0 100000.0 100000.0 0.0 0.0 0.0 0.0 41.0 4.0 3.0 2.0 0.0 0.0 0.0 0.0 0.0 0.0 0.0 0.0 1.0 25.0 3.0
-2.474492046671459 1.0 1.0 1.0 1.0 0.0 6.0 1.0 5.0 16.0 9.0 1.0 1.0 0.0 0.0 100000.0 100000.0 0.0 0.0 0.0 0.0 38.0 7.0 6.0 4.0 0.0 0.0 0.0 0.0 0.0 0.0 0.0 0.0 1.0 25.0 3.0
-2.5525790091373874 1.0 1.0 1.0 1.0 0.0 6.0 1.0 5.0 16.0 9.0 1.0 1.0 0.0 0.0 100000.0 100000.0 0.0 0.0 0.0 0.0 39.0 6.0 5.0 3.0 0.0 0.0 0.0 0.0 0.0 0.0 0.0 0.0 1.0 25.0 3.0
2.1102422165096675 2.0 1.0 0.0 0.0 0.0 6.0 0.0 1.0 16.0 9.0 2.0 1.0 0.0 30.0 26.0 64.0 1.0 1.0 0.0 0.0 52.0 2.0 0.0 0.0 0.0 0.0 0.0 0.0 1.0 0.0 0.0 0.0 1.0 2.0 1.0
-3.195326012494935 2.0 1.0 0.0 0.0 0.0 6.0 0.0 1.0 16.0 9.0 1.0 1.0 0.0 0.0 100000.0 100000.0 0.0 0.0 0.0 0.0 48.0 6.0 4.0 1.0 0.0 0.0 0.0 0.0 0.0 0.0 0.0 0.0 1.0 2.0 1.0
-3.9759546582500014 2.0 1.0 0.0 0.0 0.0 2.0 0.0 1.0 0.0 9.0 3.0 1.0 0.0 4.0 22.0 13.0 2.0 0.0 0.0 0.0 18.0 12.0 10.0 2.0 0.0 1.0 0.0 1.0 0.0 0.0 0.0 0.0 1.0 2.0 1.0
-5.045988651445161 2.0 1.0 0.0 0.0 0.0 2.0 0.0 1.0 0.0 0.0 2.0 -1000.0 0.0 2.0 100000.0 138.0 0.0 1.0 0.0 500.0 22.0 8.0 6.0 4.0 1.0 1.0 0.0 0.0 0.0 0.0 0.0 0.0 0.0 2.0 1.0
-6.493939444914279 2.0 1.0 0.0 0.0 0.0 6.0 0.0 1.0 0.0 9.0 1.0 1.0 0.0 0.0 100000.0 100000.0 0.0 0.0 0.0 250.0 6.0 24.0 22.0 3.0 0.0 0.0 0.0 0.0 0.0 0.0 0.0 0.0 1.0 2.0 1.0
-1.3237861540001883 0.0 1.0 1.0 1.0 0.0 2.0 0.0 2.0 5.0 9.0 3.0 21.0 0.0 9.0 33.0 39.0 0.0 1.0 0.0 0.0 0.0 4.0 4.0 0.0 0.0 1.0 0.0 0.0 1.0 0.0 0.0 0.0 1.0 12.0 3.0
4.699903011400609 0.0 1.0 0.0 0.0 0.0 2.0 1.0 2.0 18.0 1.0 1.0 -1000.0 0.0 15.0 2.0 3.0 6.0 6.0 11.0 1000.0 0.0 5.0 5.0 272.0 0.0 1.0 0.0 0.0 0.0 0.0 0.0 0.0 0.0 12.0 3.0
0.47932846174296245 0.0 1.0 0.0 0.0 0.0 6.0 1.0 2.0 16.0 9.0 2.0 1.0 0.0 8.0 5.0 2.0 3.0 2.0 0.0 0.0 0.0 5.0 5.0 132.0 0.0 0.0 0.0 0.0 1.0 0.0 0.0 0.0 1.0 12.0 3.0
0.3197989202787398 0.0 1.0 0.0 0.0 0.0 2.0 1.0 2.0 18.0 1.0 1.0 -1000.0 0.0 2.0 100000.0 118.0 0.0 0.0 1.0 1000.0 0.0 7.0 7.0 367.0 0.0 1.0 0.0 0.0 0.0 0.0 0.0 0.0 0.0 12.0 3.0
0.26279544518861314 0.0 1.0 0.0 0.0 0.0 2.0 1.0 2.0 18.0 1.0 1.0 -1000.0 0.0 8.0 33.0 0.0 2.0 0.0 4.0 1000.0 0.0 4.0 4.0 282.0 0.0 1.0 0.0 0.0 0.0 0.0 0.0 0.0 0.0 12.0 3.0
0.7991869042740111 1.0 1.0 0.0 0.0 0.0 6.0 0.0 1.0 16.0 9.0 2.0 1.0 0.0 55.0 3.0 1.0 9.0 0.0 0.0 1000.0 42.0 3.0 2.0 0.0 0.0 0.0 0.0 0.0 1.0 0.0 0.0 0.0 1.0 2.0 1.0
-0.9840922782630824 1.0 1.0 0.0 0.0 0.0 6.0 0.0 1.0 16.0 9.0 2.0 1.0 0.0 1.0 61.0 100000.0 0.0 0.0 0.0 0.0 41.0 4.0 3.0 1.0 0.0 0.0 0.0 0.0 1.0 0.0 0.0 0.0 1.0 2.0 1.0
-3.2688211665408993 1.0 1.0 0.0 0.0 0.0 2.0 0.0 1.0 11.0 0.0 3.0 -1000.0 0.0 24.0 6.0 119.0 1.0 3.0 0.0 0.0 41.0 4.0 3.0 5.0 1.0 1.0 0.0 1.0 0.0 0.0 0.0 0.0 0.0 2.0 1.0
-4.751054049554213 1.0 1.0 0.0 0.0 0.0 2.0 1.0 1.0 18.0 1.0 1.0 -1000.0 0.0 4.0 78.0 100000.0 0.0 2.0 0.0 0.0 33.0 12.0 11.0 25.0 0.0 1.0 0.0 0.0 0.0 0.0 0.0 0.0 0.0 2.0 1.0
-4.172992132864821 1.0 1.0 0.0 0.0 0.0 2.0 1.0 1.0 18.0 1.0 1.0 -1000.0 0.0 1.0 255.0 100000.0 0.0 1.0 0.0 0.0 40.0 5.0 4.0 30.0 0.0 1.0 0.0 0.0 0.0 0.0 0.0 0.0 0.0 2.0 1.0
3.4489797778353104 3.0 1.0 1.0 1.0 0.0 6.0 0.0 1.0 16.0 9.0 2.0 1.0 0.0 32.0 22.0 100000.0 4.0 3.0 17.0 0.0 53.0 3.0 0.0 0.0 0.0 0.0 0.0 0.0 1.0 0.0 0.0 0.0 1.0 1.0 22.0
3.0841328911010293 0.0 1.0 1.0 1.0 0.0 2.0 0.0 3.0 4.0 9.0 3.0 1.0 0.0 18.0 1.0 0.0 4.0 6.0 15.0 1000.0 0.0 6.0 6.0 0.0 0.0 1.0 0.0 0.0 1.0 0.0 0.0 0.0 1.0 7.0 11.0
3.506811450524312 0.0 1.0 1.0 1.0 0.0 2.0 0.0 3.0 3.0 9.0 3.0 1.0 0.0 17.0 62.0 2.0 3.0 4.0 11.0 0.0 0.0 5.0 5.0 1.0 0.0 1.0 0.0 0.0 1.0 0.0 0.0 0.0 1.0 7.0 11.0
2.479643955214462 0.0 1.0 1.0 1.0 0.0 2.0 0.0 3.0 3.0 9.0 3.0 1.0 0.0 16.0 1.0 4.0 6.0 4.0 4.0 1000.0 0.0 3.0 3.0 2.0 0.0 1.0 0.0 0.0 1.0 0.0 0.0 0.0 1.0 7.0 11.0
2.2843525107574765 0.0 1.0 1.0 1.0 0.0 2.0 0.0 3.0 3.0 9.0 3.0 1.0 0.0 13.0 37.0 186.0 0.0 5.0 10.0 0.0 0.0 3.0 3.0 5.0 0.0 1.0 0.0 0.0 1.0 0.0 0.0 0.0 1.0 7.0 11.0
2.8444076460780443 0.0 1.0 1.0 1.0 0.0 2.0 0.0 3.0 3.0 9.0 2.0 1.0 0.0 3.0 37.0 5.0 1.0 2.0 2.0 0.0 0.0 6.0 6.0 26.0 0.0 1.0 0.0 0.0 0.0 0.0 0.0 0.0 1.0 7.0 11.0
3.647110632871501 1.0 1.0 1.0 1.0 0.0 0.0 1.0 7.0 12.0 9.0 2.0 1.0 0.0 37.0 8.0 20.0 2.0 6.0 6.0 0.0 39.0 6.0 5.0 0.0 0.0 1.0 0.0 0.0 0.0 0.0 0.0 0.0 1.0 3.0 3.0
2.191415102910043 1.0 1.0 1.0 1.0 0.0 0.0 1.0 7.0 12.0 9.0 2.0 1.0 0.0 5.0 13.0 181.0 1.0 1.0 1.0 0.0 41.0 4.0 3.0 2.0 0.0 1.0 0.0 0.0 0.0 0.0 0.0 0.0 1.0 3.0 3.0
0.14491819888833113 1.0 1.0 1.0 1.0 0.0 0.0 1.0 7.0 12.0 9.0 1.0 1.0 0.0 6.0 134.0 125.0 0.0 0.0 0.0 0.0 41.0 4.0 3.0 1.0 0.0 0.0 0.0 0.0 0.0 0.0 0.0 0.0 1.0 3.0 3.0
-3.357821469633363 1.0 1.0 1.0 1.0 0.0 0.0 1.0 7.0 0.0 9.0 1.0 1.0 0.0 0.0 100000.0 100000.0 0.0 0.0 0.0 0.0 32.0 17.0 16.0 4.0 0.0 0.0 0.0 0.0 0.0 0.0 0.0 0.0 1.0 3.0 3.0
-2.9683279941440923 1.0 1.0 1.0 1.0 0.0 0.0 1.0 7.0 0.0 9.0 1.0 1.0 0.0 0.0 100000.0 100000.0 0.0 0.0 0.0 0.0 40.0 5.0 4.0 3.0 0.0 0.0 0.0 0.0 0.0 0.0 0.0 0.0 1.0 3.0 3.0
4.345635062803886 2.0 1.0 1.0 1.0 0.0 0.0 0.0 7.0 1.0 9.0 3.0 6.0 0.0 11.0 9.0 60.0 2.0 7.0 7.0 0.0 50.0 4.0 2.0 0.0 0.0 1.0 0.0 0.0 0.0 0.0 1.0 0.0 1.0 2.0 18.0
-2.6486747447723196 2.0 1.0 0.0 0.0 0.0 2.0 1.0 7.0 18.0 1.0 1.0 -1000.0 0.0 2.0 100000.0 126.0 0.0 2.0 2.0 0.0 50.0 4.0 2.0 30.0 0.0 1.0 0.0 0.0 0.0 0.0 0.0 0.0 0.0 2.0 18.0
-3.9314526705045827 2.0 1.0 0.0 0.0 0.0 2.0 1.0 7.0 18.0 1.0 1.0 -1000.0 0.0 1.0 20.0 100000.0 1.0 1.0 0.0 0.0 42.0 12.0 10.0 32.0 0.0 1.0 0.0 0.0 0.0 0.0 0.0 0.0 0.0 2.0 18.0
-0.8485779833907182 2.0 1.0 0.0 0.0 0.0 0.0 1.0 7.0 17.0 9.0 1.0 -4.0 0.0 0.0 100000.0 100000.0 0.0 0.0 0.0 1000.0 51.0 3.0 1.0 2.0 0.0 0.0 0.0 0.0 0.0 0.0 0.0 0.0 1.0 2.0 18.0
-1.8992291925233509 2.0 1.0 0.0 0.0 0.0 0.0 1.0 7.0 17.0 9.0 1.0 -4.0 0.0 18.0 35.0 48.0 0.0 0.0 0.0 0.0 48.0 6.0 4.0 1.0 0.0 0.0 0.0 0.0 0.0 0.0 0.0 0.0 1.0 2.0 18.0
1.8813791365017074 0.0 1.0 1.0 1.0 0.0 2.0 0.0 3.0 4.0 9.0 3.0 1.0 0.0 17.0 145.0 0.0 1.0 5.0 0.0 1000.0 0.0 6.0 6.0 2.0 0.0 1.0 0.0 0.0 1.0 0.0 0.0 0.0 1.0 12.0 18.0
0.8577658087027678 0.0 1.0 1.0 1.0 0.0 2.0 0.0 3.0 3.0 9.0 3.0 1.0 0.0 13.0 3.0 45.0 3.0 1.0 0.0 1000.0 0.0 6.0 6.0 6.0 1.0 1.0 0.0 0.0 0.0 0.0 0.0 0.0 1.0 12.0 18.0
0.1855335317787132 0.0 1.0 1.0 1.0 0.0 2.0 0.0 3.0 3.0 9.0 3.0 1.0 0.0 7.0 359.0 286.0 0.0 1.0 0.0 1000.0 0.0 5.0 5.0 15.0 1.0 1.0 0.0 0.0 0.0 0.0 0.0 0.0 1.0 12.0 18.0
1.046402308040106 0.0 1.0 1.0 1.0 0.0 2.0 0.0 3.0 4.0 9.0 3.0 1.0 0.0 3.0 207.0 100000.0 0.0 2.0 1.0 0.0 0.0 6.0 6.0 25.0 0.0 1.0 0.0 0.0 1.0 0.0 0.0 0.0 1.0 12.0 18.0
0.3257252645289097 0.0 1.0 1.0 1.0 0.0 2.0 0.0 3.0 3.0 9.0 3.0 1.0 0.0 13.0 2.0 84.0 1.0 1.0 0.0 1000.0 0.0 6.0 6.0 7.0 0.0 1.0 0.0 0.0 1.0 0.0 0.0 0.0 1.0 12.0 18.0
4.00470506218995 2.0 1.0 1.0 1.0 0.0 0.0 0.0 7.0 9.0 9.0 3.0 19.0 0.0 7.0 173.0 15.0 1.0 3.0 3.0 500.0 41.0 13.0 11.0 0.0 0.0 1.0 0.0 0.0 0.0 0.0 1.0 0.0 1.0 2.0 6.0
-3.5379351148265834 2.0 1.0 0.0 0.0 0.0 6.0 0.0 7.0 5.0 7.0 1.0 -1000.0 0.0 0.0 100000.0 100000.0 0.0 0.0 0.0 500.0 44.0 8.0 6.0 8.0 0.0 0.0 0.0 0.0 0.0 0.0 1.0 0.0 0.0 2.0 6.0
-2.3373546041422935 2.0 1.0 0.0 0.0 0.0 2.0 1.0 7.0 18.0 1.0 1.0 -1000.0 0.0 19.0 114.0 2.0 3.0 2.0 0.0 0.0 48.0 4.0 2.0 14.0 0.0 1.0 0.0 0.0 0.0 0.0 0.0 0.0 0.0 2.0 6.0
-2.8733210970647303 2.0 1.0 0.0 0.0 0.0 6.0 0.0 7.0 5.0 7.0 1.0 -1000.0 0.0 0.0 100000.0 100000.0 0.0 0.0 0.0 500.0 46.0 6.0 4.0 6.0 0.0 0.0 0.0 0.0 0.0 0.0 1.0 0.0 0.0 2.0 6.0
-4.456674840551499 2.0 1.0 0.0 0.0 0.0 6.0 0.0 7.0 5.0 7.0 1.0 -1000.0 0.0 0.0 100000.0 100000.0 0.0 0.0 0.0 0.0 46.0 6.0 4.0 7.0 0.0 0.0 0.0 0.0 0.0 0.0 1.0 0.0 0.0 2.0 6.0
2.496916156532321 0.0 1.0 1.0 1.0 0.0 0.0 1.0 7.0 0.0 9.0 2.0 1.0 0.0 3.0 113.0 100000.0 0.0 3.0 3.0 0.0 0.0 3.0 3.0 0.0 0.0 1.0 0.0 0.0 0.0 0.0 0.0 0.0 1.0 3.0 18.0
1.0215678489978877 0.0 1.0 1.0 1.0 0.0 0.0 1.0 7.0 0.0 9.0 1.0 1.0 0.0 2.0 100000.0 28.0 2.0 0.0 0.0 0.0 0.0 4.0 4.0 1.0 0.0 0.0 0.0 0.0 0.0 0.0 0.0 0.0 1.0 3.0 18.0
0.5314826733121029 0.0 1.0 1.0 1.0 0.0 0.0 1.0 7.0 0.0 9.0 1.0 1.0 0.0 0.0 100000.0 100000.0 0.0 0.0 0.0 1000.0 0.0 8.0 8.0 14.0 0.0 0.0 0.0 0.0 0.0 0.0 0.0 0.0 1.0 3.0 18.0
-1.3225572782612516 0.0 1.0 1.0 1.0 0.0 0.0 1.0 7.0 12.0 9.0 1.0 1.0 0.0 0.0 100000.0 100000.0 0.0 0.0 0.0 0.0 0.0 6.0 6.0 7.0 0.0 0.0 0.0 0.0 0.0 0.0 0.0 0.0 1.0 3.0 18.0
-0.9664808909582236 0.0 1.0 1.0 1.0 0.0 0.0 1.0 7.0 3.0 9.0 1.0 1.0 0.0 0.0 100000.0 100000.0 0.0 0.0 0.0 0.0 0.0 6.0 6.0 5.0 0.0 0.0 0.0 0.0 0.0 0.0 0.0 0.0 1.0 3.0 18.0
5.327891275805476 1.0 1.0 1.0 1.0 0.0 2.0 2.0 3.0 17.0 9.0 3.0 39.0 0.0 9.0 4.0 20.0 3.0 7.0 7.0 0.0 41.0 4.0 3.0 0.0 0.0 1.0 0.0 0.0 1.0 0.0 0.0 0.0 1.0 12.0 8.0
-1.2183345257449705 1.0 1.0 0.0 0.0 0.0 2.0 0.0 3.0 3.0 9.0 3.0 5.0 0.0 7.0 84.0 217.0 0.0 0.0 0.0 0.0 38.0 5.0 4.0 2.0 0.0 1.0 0.0 0.0 0.0 0.0 0.0 1.0 1.0 12.0 8.0
-2.6752750602419884 1.0 1.0 0.0 0.0 0.0 2.0 1.0 3.0 18.0 1.0 1.0 -1000.0 0.0 13.0 112.0 118.0 0.0 0.0 1.0 0.0 41.0 4.0 3.0 8.0 0.0 1.0 0.0 0.0 0.0 0.0 0.0 0.0 0.0 12.0 8.0
-2.530172689974038 1.0 1.0 0.0 0.0 0.0 2.0 1.0 3.0 18.0 1.0 1.0 -1000.0 0.0 6.0 41.0 332.0 0.0 0.0 1.0 0.0 40.0 5.0 4.0 9.0 0.0 1.0 0.0 0.0 0.0 0.0 0.0 0.0 0.0 12.0 8.0
-2.4977509931294213 1.0 1.0 0.0 0.0 0.0 9.0 0.0 3.0 16.0 4.0 1.0 -1000.0 0.0 3.0 100000.0 151.0 0.0 0.0 0.0 0.0 40.0 5.0 4.0 5.0 0.0 0.0 0.0 0.0 1.0 0.0 0.0 0.0 0.0 12.0 8.0
4.085849382366674 2.0 1.0 0.0 0.0 0.0 2.0 0.0 3.0 3.0 9.0 3.0 1.0 0.0 28.0 35.0 13.0 2.0 10.0 11.0 1000.0 48.0 6.0 4.0 1.0 1.0 1.0 0.0 0.0 0.0 0.0 0.0 0.0 1.0 11.0 18.0
-2.326037949457625 2.0 1.0 0.0 0.0 0.0 2.0 0.0 3.0 4.0 9.0 3.0 1.0 0.0 36.0 117.0 447.0 0.0 0.0 0.0 0.0 47.0 7.0 5.0 0.0 1.0 1.0 0.0 0.0 0.0 0.0 0.0 0.0 1.0 11.0 18.0
-2.8252145215986757 2.0 1.0 0.0 0.0 0.0 7.0 0.0 3.0 3.0 9.0 2.0 0.0 0.0 0.0 100000.0 100000.0 0.0 0.0 0.0 0.0 49.0 5.0 3.0 3.0 0.0 0.0 0.0 0.0 0.0 0.0 0.0 1.0 1.0 11.0 18.0
-3.416970760326928 2.0 1.0 0.0 0.0 0.0 7.0 0.0 3.0 3.0 9.0 2.0 0.0 0.0 0.0 100000.0 100000.0 0.0 0.0 0.0 0.0 47.0 7.0 5.0 4.0 0.0 0.0 0.0 0.0 0.0 0.0 0.0 1.0 1.0 11.0 18.0
-3.50015764822212 2.0 1.0 0.0 0.0 0.0 9.0 1.0 3.0 18.0 4.0 1.0 -1000.0 0.0 0.0 100000.0 100000.0 0.0 0.0 0.0 0.0 48.0 6.0 4.0 7.0 0.0 0.0 0.0 0.0 1.0 0.0 0.0 0.0 0.0 11.0 18.0
3.2066758787715335 0.0 1.0 1.0 1.0 0.0 0.0 0.0 7.0 9.0 9.0 3.0 1.0 0.0 52.0 5.0 3.0 22.0 12.0 0.0 0.0 0.0 2.0 2.0 0.0 0.0 1.0 0.0 0.0 0.0 0.0 1.0 0.0 1.0 2.0 0.0
1.0537334956612197 0.0 1.0 1.0 1.0 0.0 0.0 0.0 7.0 1.0 9.0 3.0 1.0 0.0 11.0 5.0 81.0 2.0 10.0 0.0 0.0 0.0 3.0 3.0 2.0 0.0 1.0 0.0 0.0 0.0 0.0 1.0 0.0 1.0 2.0 0.0
1.4562163686598062 0.0 1.0 1.0 1.0 0.0 0.0 0.0 7.0 1.0 9.0 3.0 1.0 0.0 14.0 9.0 91.0 2.0 9.0 0.0 0.0 0.0 8.0 8.0 1.0 0.0 1.0 0.0 0.0 0.0 0.0 1.0 0.0 1.0 2.0 0.0
0.6224498368523131 0.0 1.0 1.0 1.0 0.0 0.0 0.0 7.0 1.0 9.0 3.0 1.0 0.0 7.0 1.0 358.0 3.0 3.0 0.0 1000.0 0.0 7.0 7.0 3.0 0.0 1.0 0.0 0.0 0.0 0.0 1.0 0.0 1.0 2.0 0.0
0.4948532528161259 0.0 1.0 1.0 1.0 0.0 0.0 0.0 7.0 1.0 9.0 3.0 1.0 0.0 4.0 100000.0 6.0 1.0 3.0 0.0 0.0 0.0 6.0 6.0 7.0 0.0 1.0 0.0 0.0 0.0 0.0 1.0 0.0 1.0 2.0 0.0
2.063787657867039 2.0 1.0 1.0 1.0 0.0 0.0 0.0 7.0 1.0 9.0 2.0 6.0 0.0 2.0 329.0 100000.0 0.0 2.0 2.0 0.0 51.0 3.0 1.0 0.0 0.0 1.0 0.0 0.0 0.0 0.0 0.0 0.0 1.0 18.0 18.0
-4.934236826506766 2.0 1.0 0.0 0.0 0.0 6.0 0.0 7.0 5.0 7.0 1.0 -1000.0 0.0 0.0 100000.0 100000.0 0.0 0.0 0.0 0.0 49.0 3.0 1.0 5.0 0.0 0.0 0.0 0.0 0.0 0.0 1.0 0.0 0.0 18.0 18.0
-3.880883904797064 2.0 1.0 0.0 0.0 0.0 6.0 0.0 7.0 1.0 7.0 1.0 -1000.0 0.0 90.0 4.0 23.0 4.0 0.0 0.0 0.0 51.0 3.0 1.0 1.0 0.0 0.0 0.0 0.0 0.0 0.0 1.0 0.0 0.0 18.0 18.0
-4.894710580897726 2.0 1.0 0.0 0.0 0.0 6.0 0.0 7.0 1.0 7.0 1.0 -1000.0 0.0 1.0 95.0 100000.0 0.0 0.0 0.0 0.0 46.0 8.0 6.0 3.0 0.0 0.0 0.0 0.0 0.0 0.0 1.0 0.0 0.0 18.0 18.0
-5.3418289201213875 2.0 1.0 0.0 0.0 0.0 6.0 0.0 7.0 1.0 7.0 1.0 -1000.0 0.0 7.0 115.0 100000.0 0.0 0.0 0.0 0.0 48.0 6.0 4.0 2.0 0.0 0.0 0.0 0.0 0.0 0.0 1.0 0.0 0.0 18.0 18.0
-2.9300925490653804 0.0 1.0 1.0 1.0 0.0 2.0 0.0 2.0 5.0 9.0 3.0 16.0 0.0 10.0 284.0 100000.0 0.0 0.0 0.0 0.0 0.0 4.0 4.0 0.0 0.0 1.0 0.0 0.0 1.0 0.0 0.0 0.0 1.0 18.0 18.0
4.1228086570686955 0.0 1.0 0.0 0.0 0.0 2.0 0.0 2.0 0.0 9.0 3.0 1.0 0.0 13.0 8.0 100000.0 1.0 10.0 12.0 0.0 0.0 4.0 4.0 11.0 1.0 1.0 0.0 0.0 0.0 0.0 0.0 0.0 1.0 18.0 18.0
3.8303256704093935 0.0 1.0 0.0 0.0 0.0 2.0 0.0 2.0 0.0 9.0 3.0 1.0 0.0 7.0 233.0 9.0 3.0 6.0 7.0 0.0 0.0 4.0 4.0 12.0 1.0 1.0 0.0 0.0 0.0 0.0 0.0 0.0 1.0 18.0 18.0
1.1731709186940968 0.0 1.0 0.0 0.0 0.0 1.0 0.0 2.0 11.0 0.0 2.0 -1000.0 0.0 94.0 0.0 1.0 11.0 21.0 0.0 1000.0 0.0 5.0 5.0 198.0 1.0 1.0 0.0 0.0 0.0 0.0 0.0 0.0 0.0 18.0 18.0
-0.09413164999402586 0.0 1.0 0.0 0.0 0.0 1.0 0.0 2.0 11.0 9.0 3.0 2.0 0.0 58.0 0.0 8.0 10.0 0.0 0.0 1000.0 0.0 6.0 6.0 8.0 1.0 1.0 0.0 0.0 0.0 0.0 0.0 0.0 1.0 18.0 18.0
3.5019934328462337 2.0 1.0 1.0 1.0 0.0 6.0 1.0 2.0 16.0 9.0 2.0 1.0 0.0 22.0 8.0 18.0 3.0 16.0 0.0 0.0 52.0 2.0 0.0 0.0 0.0 0.0 0.0 0.0 1.0 0.0 0.0 0.0 1.0 28.0 1.0
-2.8426185220371862 2.0 1.0 0.0 0.0 0.0 9.0 1.0 2.0 18.0 4.0 1.0 -1000.0 0.0 0.0 100000.0 100000.0 0.0 0.0 0.0 500.0 47.0 5.0 3.0 1.0 0.0 0.0 0.0 0.0 1.0 0.0 0.0 0.0 0.0 28.0 1.0
-3.8427893544379486 2.0 1.0 0.0 0.0 0.0 9.0 1.0 2.0 18.0 4.0 1.0 -1000.0 0.0 0.0 100000.0 100000.0 0.0 0.0 0.0 0.0 46.0 6.0 4.0 2.0 0.0 0.0 0.0 0.0 1.0 0.0 0.0 0.0 0.0 28.0 1.0
-3.1615367816961464 2.0 1.0 0.0 0.0 0.0 2.0 1.0 2.0 18.0 1.0 1.0 -1000.0 0.0 2.0 16.0 100000.0 1.0 0.0 0.0 0.0 14.0 4.0 2.0 5.0 0.0 1.0 0.0 0.0 0.0 0.0 0.0 0.0 0.0 28.0 1.0
-4.120241050974986 2.0 1.0 0.0 0.0 0.0 2.0 1.0 2.0 18.0 1.0 1.0 -1000.0 0.0 2.0 100000.0 48.0 0.0 0.0 0.0 0.0 -9.0 15.0 13.0 6.0 0.0 1.0 0.0 0.0 0.0 0.0 0.0 0.0 0.0 28.0 1.0
-1.5890680509006971 0.0 1.0 1.0 1.0 0.0 2.0 0.0 2.0 5.0 9.0 3.0 16.0 0.0 9.0 28.0 3.0 4.0 0.0 0.0 0.0 0.0 4.0 4.0 0.0 0.0 1.0 0.0 0.0 1.0 0.0 0.0 0.0 1.0 6.0 4.0
1.880833438194444 0.0 1.0 0.0 0.0 0.0 2.0 0.0 2.0 0.0 9.0 3.0 1.0 0.0 2.0 1.0 100000.0 1.0 0.0 2.0 1000.0 0.0 4.0 4.0 12.0 1.0 1.0 0.0 0.0 0.0 0.0 0.0 0.0 1.0 6.0 4.0
2.354996758909847 0.0 1.0 0.0 0.0 0.0 2.0 0.0 2.0 0.0 9.0 3.0 1.0 0.0 14.0 16.0 7.0 4.0 0.0 11.0 0.0 0.0 4.0 4.0 6.0 1.0 1.0 0.0 0.0 0.0 0.0 0.0 0.0 1.0 6.0 4.0
0.46708248786978807 0.0 1.0 0.0 0.0 0.0 6.0 1.0 2.0 16.0 9.0 2.0 1.0 0.0 8.0 46.0 1.0 2.0 2.0 0.0 1000.0 0.0 5.0 5.0 64.0 0.0 0.0 0.0 0.0 1.0 0.0 0.0 0.0 1.0 6.0 4.0
2.384568324851196 0.0 1.0 0.0 0.0 0.0 2.0 0.0 2.0 0.0 9.0 3.0 1.0 0.0 14.0 24.0 100000.0 1.0 1.0 4.0 0.0 0.0 4.0 4.0 7.0 1.0 1.0 0.0 0.0 0.0 0.0 0.0 0.0 1.0 6.0 4.0
3.243384645710643 2.0 1.0 1.0 1.0 0.0 2.0 1.0 1.0 4.0 9.0 3.0 19.0 0.0 19.0 1.0 7.0 8.0 3.0 12.0 1000.0 50.0 4.0 2.0 0.0 1.0 1.0 0.0 0.0 0.0 0.0 0.0 0.0 1.0 18.0 3.0
-4.823048787532258 2.0 1.0 0.0 0.0 0.0 8.0 1.0 1.0 3.0 9.0 1.0 0.0 0.0 0.0 100000.0 100000.0 0.0 0.0 0.0 0.0 50.0 4.0 2.0 4.0 0.0 0.0 0.0 0.0 0.0 0.0 0.0 0.0 1.0 18.0 3.0
-5.1934672465478995 2.0 1.0 0.0 0.0 0.0 8.0 1.0 1.0 3.0 9.0 1.0 0.0 0.0 0.0 100000.0 100000.0 0.0 0.0 0.0 0.0 50.0 4.0 2.0 3.0 0.0 0.0 0.0 0.0 0.0 0.0 0.0 0.0 1.0 18.0 3.0
-5.088633775777071 2.0 1.0 0.0 0.0 0.0 7.0 1.0 1.0 10.0 8.0 1.0 -1000.0 0.0 0.0 100000.0 100000.0 0.0 0.0 0.0 0.0 48.0 4.0 2.0 2.0 0.0 0.0 0.0 0.0 0.0 0.0 0.0 1.0 0.0 18.0 3.0
-6.336173374044268 2.0 1.0 0.0 0.0 0.0 5.0 1.0 1.0 10.0 3.0 1.0 -1000.0 0.0 0.0 100000.0 100000.0 0.0 0.0 0.0 0.0 47.0 5.0 3.0 1.0 0.0 0.0 0.0 1.0 0.0 0.0 0.0 0.0 0.0 18.0 3.0
5.189856620706249 0.0 1.0 1.0 1.0 0.0 0.0 1.0 7.0 0.0 9.0 3.0 15.0 0.0 52.0 5.0 69.0 3.0 9.0 7.0 0.0 0.0 4.0 4.0 0.0 0.0 1.0 0.0 0.0 0.0 0.0 1.0 0.0 1.0 3.0 4.0
2.1683514120859457 0.0 1.0 0.0 0.0 0.0 0.0 0.0 7.0 1.0 9.0 3.0 1.0 0.0 23.0 1.0 0.0 3.0 1.0 8.0 1000.0 0.0 11.0 11.0 4.0 0.0 1.0 0.0 0.0 0.0 0.0 1.0 0.0 1.0 3.0 4.0
0.8142152966931645 0.0 1.0 0.0 0.0 0.0 0.0 0.0 7.0 1.0 9.0 3.0 1.0 0.0 29.0 13.0 112.0 1.0 1.0 5.0 0.0 0.0 11.0 11.0 2.0 0.0 1.0 0.0 0.0 0.0 0.0 1.0 0.0 1.0 3.0 4.0
1.225426840594999 0.0 1.0 0.0 0.0 0.0 0.0 0.0 7.0 1.0 9.0 3.0 1.0 0.0 24.0 5.0 602.0 3.0 1.0 16.0 0.0 0.0 13.0 13.0 3.0 0.0 1.0 0.0 0.0 0.0 0.0 1.0 0.0 1.0 3.0 4.0
0.37868078828854895 0.0 1.0 0.0 0.0 0.0 0.0 0.0 7.0 1.0 9.0 3.0 1.0 0.0 40.0 40.0 85.0 0.0 1.0 2.0 0.0 0.0 5.0 5.0 1.0 0.0 1.0 0.0 0.0 0.0 0.0 1.0 0.0 1.0 3.0 4.0
2.412347820411039 1.0 1.0 1.0 1.0 0.0 0.0 0.0 7.0 5.0 9.0 3.0 16.0 0.0 18.0 135.0 44.0 0.0 16.0 0.0 0.0 37.0 8.0 7.0 0.0 0.0 1.0 0.0 0.0 0.0 0.0 1.0 0.0 1.0 3.0 15.0
-5.150669191403906 1.0 0.0 0.0 0.0 0.0 0.0 1.0 7.0 0.0 9.0 2.0 -4.0 0.0 20.0 22.0 34.0 1.0 2.0 0.0 0.0 39.0 4.0 3.0 1.0 0.0 1.0 0.0 0.0 0.0 0.0 0.0 0.0 1.0 3.0 15.0
-8.7308915971653 1.0 0.0 0.0 0.0 0.0 2.0 1.0 7.0 18.0 1.0 1.0 -1000.0 0.0 2.0 100000.0 648.0 0.0 2.0 0.0 0.0 35.0 8.0 7.0 2.0 0.0 1.0 0.0 0.0 0.0 0.0 0.0 0.0 0.0 3.0 15.0
-6.428654508695642 1.0 0.0 0.0 0.0 0.0 0.0 1.0 7.0 0.0 9.0 1.0 -4.0 0.0 0.0 100000.0 100000.0 0.0 0.0 0.0 0.0 5.0 8.0 7.0 4.0 0.0 0.0 0.0 0.0 0.0 0.0 0.0 0.0 1.0 3.0 15.0
-5.951284154046017 1.0 0.0 0.0 0.0 0.0 0.0 0.0 7.0 1.0 9.0 1.0 -4.0 0.0 0.0 100000.0 100000.0 0.0 0.0 0.0 0.0 3.0 10.0 9.0 3.0 0.0 0.0 0.0 0.0 0.0 0.0 0.0 0.0 1.0 3.0 15.0
4.023668843886078 2.0 1.0 0.0 0.0 0.0 1.0 0.0 2.0 11.0 9.0 4.0 2.0 0.0 52.0 1.0 124.0 3.0 3.0 17.0 1000.0 50.0 4.0 2.0 0.0 1.0 1.0 0.0 0.0 0.0 0.0 0.0 1.0 1.0 6.0 2.0
-0.6031766353846214 2.0 1.0 0.0 0.0 0.0 2.0 0.0 2.0 0.0 9.0 3.0 1.0 0.0 15.0 30.0 405.0 1.0 4.0 0.0 0.0 42.0 12.0 10.0 1.0 1.0 1.0 0.0 0.0 0.0 0.0 0.0 0.0 1.0 6.0 2.0
-2.7188846643931295 2.0 1.0 0.0 0.0 0.0 2.0 1.0 2.0 4.0 9.0 3.0 1.0 0.0 2.0 59.0 25.0 1.0 0.0 0.0 0.0 46.0 6.0 4.0 5.0 0.0 1.0 0.0 0.0 1.0 0.0 0.0 0.0 1.0 6.0 2.0
-3.655068870436275 2.0 1.0 0.0 0.0 0.0 7.0 0.0 2.0 0.0 8.0 1.0 -1000.0 0.0 0.0 100000.0 100000.0 0.0 0.0 0.0 666.0 40.0 14.0 12.0 44.0 0.0 0.0 0.0 0.0 0.0 0.0 0.0 1.0 0.0 6.0 2.0
-2.2846423166382164 2.0 1.0 0.0 0.0 0.0 2.0 0.0 2.0 11.0 0.0 2.0 -1000.0 0.0 5.0 566.0 100000.0 0.0 1.0 2.0 333.0 44.0 10.0 8.0 9.0 1.0 1.0 0.0 0.0 0.0 0.0 0.0 0.0 0.0 6.0 2.0
5.252505540936417 3.0 1.0 0.0 0.0 0.0 2.0 0.0 2.0 0.0 9.0 4.0 1.0 0.0 56.0 24.0 37.0 2.0 45.0 53.0 0.0 59.0 4.0 1.0 0.0 1.0 1.0 0.0 0.0 0.0 0.0 0.0 1.0 1.0 13.0 18.0
-2.660944288658646 3.0 1.0 0.0 0.0 0.0 2.0 0.0 2.0 0.0 9.0 3.0 1.0 0.0 1.0 100000.0 148.0 0.0 0.0 1.0 230.0 -32.0 65.0 62.0 1.0 1.0 1.0 0.0 0.0 0.0 0.0 0.0 0.0 1.0 13.0 18.0
-7.437019377245281 3.0 1.0 0.0 0.0 0.0 5.0 0.0 2.0 0.0 3.0 1.0 -1000.0 0.0 0.0 100000.0 100000.0 0.0 0.0 0.0 153.0 -36.0 69.0 66.0 2.0 0.0 0.0 0.0 1.0 0.0 0.0 0.0 0.0 0.0 13.0 18.0
-1.7048023753676642 3.0 1.0 0.0 0.0 0.0 2.0 0.0 2.0 0.0 9.0 3.0 1.0 0.0 1.0 100000.0 98.0 0.0 0.0 1.0 375.0 -13.0 40.0 37.0 3.0 1.0 1.0 0.0 0.0 0.0 0.0 0.0 0.0 1.0 13.0 18.0
-1.9693898862306454 3.0 1.0 0.0 0.0 0.0 2.0 0.0 2.0 0.0 9.0 3.0 1.0 0.0 1.0 100000.0 65.0 0.0 0.0 1.0 200.0 -14.0 41.0 38.0 4.0 1.0 1.0 0.0 0.0 0.0 0.0 0.0 0.0 1.0 13.0 18.0
-2.5824988947998695 0.0 1.0 1.0 1.0 0.0 2.0 0.0 2.0 5.0 9.0 3.0 16.0 0.0 15.0 10.0 0.0 6.0 0.0 0.0 1000.0 0.0 4.0 4.0 0.0 0.0 1.0 0.0 0.0 1.0 0.0 0.0 0.0 1.0 13.0 18.0
5.044385220444208 0.0 1.0 0.0 0.0 0.0 2.0 0.0 2.0 0.0 9.0 3.0 1.0 0.0 56.0 1.0 7.0 15.0 45.0 53.0 1000.0 0.0 4.0 4.0 10.0 1.0 1.0 0.0 0.0 0.0 0.0 0.0 0.0 1.0 13.0 18.0
3.975432869992399 0.0 1.0 0.0 0.0 0.0 2.0 0.0 2.0 0.0 9.0 3.0 1.0 0.0 7.0 30.0 6.0 2.0 4.0 7.0 0.0 0.0 3.0 3.0 22.0 1.0 1.0 0.0 0.0 0.0 0.0 0.0 0.0 1.0 13.0 18.0
2.381455252765774 0.0 1.0 0.0 0.0 0.0 2.0 0.0 2.0 0.0 9.0 3.0 1.0 0.0 13.0 40.0 375.0 0.0 6.0 10.0 0.0 0.0 10.0 10.0 17.0 1.0 1.0 0.0 0.0 0.0 0.0 0.0 0.0 1.0 13.0 18.0
0.7428701400817287 0.0 1.0 0.0 0.0 0.0 1.0 0.0 2.0 11.0 9.0 3.0 2.0 0.0 193.0 1.0 13.0 23.0 3.0 0.0 1000.0 0.0 4.0 4.0 9.0 1.0 1.0 0.0 0.0 0.0 0.0 0.0 0.0 1.0 13.0 18.0
2.5256786560490907 2.0 1.0 0.0 0.0 0.0 2.0 1.0 2.0 4.0 9.0 3.0 1.0 0.0 67.0 0.0 0.0 7.0 13.0 60.0 1000.0 44.0 10.0 8.0 0.0 1.0 1.0 0.0 0.0 0.0 0.0 0.0 0.0 1.0 5.0 3.0
-0.5261168997367487 2.0 1.0 0.0 0.0 0.0 7.0 1.0 2.0 3.0 8.0 1.0 -1000.0 0.0 0.0 100000.0 100000.0 0.0 0.0 0.0 1000.0 43.0 11.0 9.0 1.0 0.0 0.0 0.0 0.0 0.0 0.0 0.0 1.0 0.0 5.0 3.0
-4.253786952886094 2.0 1.0 0.0 0.0 0.0 9.0 1.0 2.0 18.0 4.0 1.0 -1000.0 0.0 0.0 100000.0 100000.0 0.0 0.0 0.0 0.0 50.0 4.0 2.0 2.0 0.0 0.0 0.0 0.0 1.0 0.0 0.0 0.0 0.0 5.0 3.0
-3.706629252259957 2.0 0.0 0.0 0.0 0.0 2.0 1.0 2.0 12.0 9.0 3.0 1.0 0.0 5.0 18.0 100000.0 1.0 0.0 2.0 0.0 46.0 6.0 4.0 3.0 0.0 1.0 0.0 1.0 0.0 0.0 0.0 0.0 1.0 5.0 3.0
-6.532846027073583 2.0 0.0 0.0 0.0 0.0 7.0 1.0 2.0 12.0 8.0 1.0 -1000.0 0.0 1.0 1110.0 100000.0 0.0 0.0 0.0 0.0 45.0 7.0 5.0 6.0 0.0 0.0 0.0 0.0 0.0 0.0 0.0 1.0 0.0 5.0 3.0
0.058952097928196404 3.0 1.0 0.0 0.0 0.0 2.0 1.0 6.0 4.0 9.0 3.0 0.0 0.0 1.0 100000.0 181.0 0.0 0.0 0.0 0.0 53.0 10.0 7.0 0.0 0.0 1.0 0.0 0.0 0.0 0.0 0.0 1.0 1.0 5.0 18.0
-3.0175037495019943 3.0 1.0 0.0 0.0 0.0 7.0 1.0 6.0 3.0 9.0 2.0 0.0 0.0 0.0 100000.0 100000.0 0.0 0.0 0.0 0.0 52.0 11.0 8.0 1.0 0.0 0.0 0.0 0.0 0.0 0.0 0.0 1.0 1.0 5.0 18.0
-4.751707374237755 3.0 1.0 0.0 0.0 0.0 8.0 1.0 6.0 3.0 9.0 1.0 0.0 0.0 0.0 100000.0 100000.0 0.0 0.0 0.0 0.0 44.0 22.0 19.0 2.0 0.0 0.0 0.0 0.0 0.0 0.0 0.0 0.0 1.0 5.0 18.0
-6.307130034766725 3.0 0.0 0.0 0.0 0.0 7.0 1.0 6.0 12.0 8.0 1.0 -1000.0 0.0 7.0 4.0 6.0 3.0 0.0 0.0 0.0 54.0 7.0 4.0 3.0 0.0 0.0 0.0 0.0 0.0 0.0 0.0 1.0 0.0 5.0 18.0
-3.544254080681085 3.0 1.0 0.0 0.0 0.0 7.0 1.0 6.0 3.0 9.0 2.0 0.0 0.0 0.0 100000.0 100000.0 0.0 0.0 0.0 0.0 22.0 11.0 8.0 4.0 0.0 0.0 0.0 0.0 0.0 0.0 0.0 1.0 1.0 5.0 18.0
4.3008707906281165 0.0 1.0 1.0 1.0 0.0 2.0 0.0 3.0 3.0 9.0 3.0 1.0 0.0 40.0 85.0 21.0 1.0 17.0 9.0 1000.0 0.0 7.0 7.0 3.0 1.0 1.0 0.0 0.0 0.0 0.0 0.0 0.0 1.0 13.0 15.0
3.9413069173753428 0.0 1.0 1.0 1.0 0.0 2.0 0.0 3.0 3.0 9.0 3.0 1.0 0.0 46.0 0.0 21.0 3.0 40.0 17.0 1000.0 0.0 3.0 3.0 1.0 0.0 1.0 0.0 0.0 1.0 0.0 0.0 0.0 1.0 13.0 15.0
0.37607833098279414 0.0 1.0 1.0 1.0 0.0 2.0 0.0 3.0 3.0 9.0 3.0 1.0 0.0 35.0 100000.0 0.0 3.0 0.0 1.0 1000.0 0.0 5.0 5.0 4.0 0.0 1.0 0.0 0.0 1.0 0.0 0.0 0.0 1.0 13.0 15.0
-0.2630509415564134 0.0 1.0 1.0 1.0 0.0 2.0 0.0 3.0 7.0 9.0 3.0 1.0 0.0 8.0 100000.0 21.0 1.0 0.0 0.0 1000.0 0.0 5.0 5.0 10.0 0.0 1.0 0.0 0.0 1.0 0.0 0.0 0.0 1.0 13.0 15.0
-0.6101666150186366 0.0 1.0 1.0 1.0 0.0 2.0 0.0 3.0 3.0 9.0 3.0 1.0 0.0 19.0 15.0 324.0 2.0 0.0 1.0 0.0 0.0 4.0 4.0 5.0 0.0 1.0 0.0 0.0 1.0 0.0 0.0 0.0 1.0 13.0 15.0
2.51078873323647 1.0 1.0 1.0 1.0 0.0 6.0 0.0 2.0 5.0 9.0 1.0 34.0 0.0 0.0 100000.0 100000.0 0.0 0.0 0.0 0.0 34.0 11.0 10.0 0.0 0.0 0.0 0.0 0.0 0.0 0.0 0.0 0.0 1.0 24.0 3.0
1.1484317408912255 1.0 1.0 1.0 1.0 0.0 6.0 0.0 2.0 5.0 9.0 1.0 34.0 0.0 0.0 100000.0 100000.0 0.0 0.0 0.0 500.0 34.0 11.0 10.0 1.0 0.0 0.0 0.0 0.0 0.0 0.0 0.0 0.0 1.0 24.0 3.0
-0.5687563720276065 1.0 1.0 1.0 1.0 0.0 6.0 0.0 2.0 5.0 9.0 1.0 34.0 0.0 0.0 100000.0 100000.0 0.0 0.0 0.0 500.0 30.0 15.0 14.0 7.0 0.0 0.0 0.0 0.0 0.0 0.0 0.0 0.0 1.0 24.0 3.0
-0.9068183227442188 1.0 1.0 1.0 1.0 0.0 6.0 0.0 2.0 5.0 9.0 1.0 34.0 0.0 0.0 100000.0 100000.0 0.0 0.0 0.0 0.0 32.0 13.0 12.0 2.0 0.0 0.0 0.0 0.0 0.0 0.0 0.0 0.0 1.0 24.0 3.0
-1.1471064816216952 1.0 1.0 1.0 1.0 0.0 6.0 0.0 2.0 5.0 9.0 1.0 34.0 0.0 0.0 100000.0 100000.0 0.0 0.0 0.0 0.0 32.0 13.0 12.0 3.0 0.0 0.0 0.0 0.0 0.0 0.0 0.0 0.0 1.0 24.0 3.0
-0.703527762115362 2.0 1.0 0.0 0.0 0.0 9.0 1.0 2.0 16.0 4.0 1.0 -1000.0 0.0 93.0 26.0 7.0 7.0 0.0 2.0 0.0 52.0 2.0 0.0 0.0 0.0 0.0 0.0 0.0 1.0 0.0 0.0 0.0 0.0 32.0 2.0
3.58898162661927 2.0 1.0 0.0 0.0 0.0 1.0 0.0 2.0 11.0 9.0 3.0 2.0 0.0 32.0 2.0 3.0 8.0 1.0 4.0 1000.0 48.0 6.0 4.0 1.0 1.0 1.0 0.0 0.0 0.0 0.0 0.0 0.0 1.0 32.0 2.0
-4.163630940714236 2.0 1.0 0.0 0.0 0.0 7.0 1.0 2.0 7.0 9.0 2.0 0.0 0.0 0.0 100000.0 100000.0 0.0 0.0 0.0 0.0 47.0 5.0 3.0 8.0 0.0 0.0 0.0 0.0 0.0 0.0 0.0 1.0 1.0 32.0 2.0
-4.055864050983938 2.0 1.0 0.0 0.0 0.0 6.0 1.0 2.0 7.0 9.0 2.0 1.0 0.0 0.0 100000.0 100000.0 0.0 0.0 0.0 0.0 48.0 4.0 2.0 5.0 0.0 0.0 0.0 0.0 1.0 0.0 0.0 0.0 1.0 32.0 2.0
-4.007521845338771 2.0 1.0 0.0 0.0 0.0 2.0 1.0 2.0 18.0 1.0 1.0 -1000.0 0.0 10.0 120.0 391.0 0.0 0.0 1.0 0.0 49.0 5.0 3.0 26.0 0.0 1.0 0.0 0.0 0.0 0.0 0.0 0.0 0.0 32.0 2.0
2.4429852778281504 3.0 1.0 0.0 0.0 0.0 0.0 0.0 7.0 1.0 9.0 2.0 6.0 0.0 3.0 100000.0 45.0 0.0 3.0 3.0 0.0 50.0 13.0 10.0 0.0 0.0 1.0 0.0 0.0 0.0 0.0 0.0 0.0 1.0 2.0 18.0
0.8496988794150464 3.0 1.0 0.0 0.0 0.0 0.0 0.0 7.0 1.0 9.0 2.0 6.0 0.0 2.0 232.0 100000.0 0.0 2.0 2.0 0.0 48.0 15.0 12.0 2.0 0.0 1.0 0.0 0.0 0.0 0.0 0.0 0.0 1.0 2.0 18.0
2.063807692755283 3.0 1.0 0.0 0.0 0.0 0.0 0.0 7.0 1.0 9.0 2.0 6.0 0.0 3.0 279.0 130.0 0.0 3.0 3.0 0.0 49.0 14.0 11.0 1.0 0.0 1.0 0.0 0.0 0.0 0.0 0.0 0.0 1.0 2.0 18.0
-0.24358048056893458 3.0 1.0 0.0 0.0 0.0 2.0 0.0 7.0 1.0 7.0 2.0 -1000.0 0.0 9.0 51.0 412.0 0.0 6.0 9.0 0.0 55.0 8.0 5.0 22.0 0.0 1.0 0.0 0.0 0.0 0.0 1.0 0.0 0.0 2.0 18.0
1.7948566332503275 3.0 1.0 0.0 0.0 0.0 0.0 0.0 7.0 1.0 9.0 2.0 6.0 0.0 1.0 533.0 100000.0 0.0 1.0 1.0 0.0 50.0 13.0 10.0 6.0 0.0 1.0 0.0 0.0 0.0 0.0 0.0 0.0 1.0 2.0 18.0
1.0013397030917273 1.0 1.0 1.0 1.0 0.0 2.0 0.0 7.0 1.0 9.0 2.0 1.0 0.0 1.0 73.0 100000.0 0.0 0.0 1.0 0.0 37.0 8.0 7.0 1.0 0.0 1.0 0.0 0.0 0.0 0.0 0.0 0.0 1.0 18.0 18.0
0.6551547902175866 1.0 1.0 1.0 1.0 0.0 2.0 0.0 7.0 1.0 9.0 2.0 1.0 0.0 2.0 877.0 100000.0 0.0 0.0 2.0 0.0 41.0 4.0 3.0 0.0 0.0 1.0 0.0 0.0 0.0 0.0 0.0 0.0 1.0 18.0 18.0
-1.1396162278103854 1.0 1.0 1.0 1.0 0.0 2.0 0.0 7.0 1.0 9.0 2.0 1.0 0.0 1.0 74.0 100000.0 0.0 0.0 0.0 0.0 29.0 16.0 15.0 2.0 0.0 1.0 0.0 0.0 0.0 0.0 0.0 0.0 1.0 18.0 18.0
-1.6354668750310657 1.0 1.0 1.0 1.0 0.0 6.0 0.0 7.0 1.0 9.0 1.0 1.0 0.0 0.0 100000.0 100000.0 0.0 0.0 0.0 500.0 33.0 12.0 11.0 6.0 0.0 0.0 0.0 0.0 0.0 0.0 0.0 0.0 1.0 18.0 18.0
-1.6354668750310657 1.0 1.0 1.0 1.0 0.0 6.0 0.0 7.0 1.0 9.0 1.0 1.0 0.0 0.0 100000.0 100000.0 0.0 0.0 0.0 500.0 33.0 12.0 11.0 7.0 0.0 0.0 0.0 0.0 0.0 0.0 0.0 0.0 1.0 18.0 18.0
5.463452720665921 2.0 1.0 0.0 0.0 0.0 2.0 0.0 2.0 0.0 9.0 3.0 6.0 0.0 25.0 22.0 29.0 2.0 16.0 16.0 0.0 48.0 6.0 4.0 0.0 1.0 1.0 0.0 0.0 0.0 0.0 0.0 0.0 1.0 6.0 18.0
0.3209341812276526 2.0 1.0 0.0 0.0 0.0 2.0 1.0 2.0 4.0 9.0 3.0 6.0 0.0 116.0 8.0 1.0 12.0 1.0 0.0 1000.0 47.0 5.0 3.0 1.0 1.0 1.0 0.0 0.0 0.0 0.0 0.0 0.0 1.0 6.0 18.0
-1.2743469495070276 2.0 1.0 0.0 0.0 0.0 2.0 1.0 2.0 18.0 1.0 1.0 -1000.0 0.0 61.0 8.0 1.0 10.0 0.0 0.0 1000.0 52.0 8.0 6.0 6.0 0.0 1.0 0.0 0.0 0.0 0.0 0.0 0.0 0.0 6.0 18.0
-3.137943519567399 2.0 1.0 0.0 0.0 0.0 8.0 0.0 2.0 10.0 9.0 1.0 5.0 0.0 0.0 100000.0 100000.0 0.0 0.0 0.0 1000.0 43.0 9.0 7.0 12.0 0.0 0.0 0.0 0.0 0.0 0.0 0.0 0.0 1.0 6.0 18.0
-1.723497248498625 2.0 1.0 0.0 0.0 0.0 7.0 1.0 2.0 3.0 9.0 2.0 5.0 0.0 2.0 926.0 100000.0 0.0 0.0 0.0 0.0 46.0 6.0 4.0 3.0 0.0 0.0 0.0 0.0 0.0 0.0 0.0 1.0 1.0 6.0 18.0
3.370191972687206 2.0 1.0 0.0 0.0 0.0 6.0 0.0 1.0 16.0 9.0 2.0 1.0 0.0 61.0 28.0 5.0 7.0 2.0 19.0 0.0 51.0 3.0 1.0 0.0 0.0 0.0 0.0 0.0 1.0 0.0 0.0 0.0 1.0 9.0 21.0
-2.39290607006834 2.0 1.0 0.0 0.0 0.0 2.0 1.0 1.0 18.0 1.0 1.0 -1000.0 0.0 14.0 18.0 80.0 4.0 0.0 0.0 0.0 49.0 5.0 3.0 5.0 0.0 1.0 0.0 0.0 0.0 0.0 0.0 0.0 0.0 9.0 21.0
-3.045089127528876 2.0 1.0 0.0 0.0 0.0 6.0 0.0 1.0 16.0 9.0 1.0 1.0 0.0 0.0 100000.0 100000.0 0.0 0.0 0.0 0.0 50.0 4.0 2.0 1.0 0.0 0.0 0.0 0.0 0.0 0.0 0.0 0.0 1.0 9.0 21.0
-2.7594187889243447 2.0 1.0 0.0 0.0 0.0 2.0 1.0 1.0 18.0 1.0 1.0 -1000.0 0.0 14.0 25.0 63.0 1.0 0.0 0.0 0.0 51.0 3.0 1.0 4.0 0.0 1.0 0.0 0.0 0.0 0.0 0.0 0.0 0.0 9.0 21.0
-4.7048483899208975 2.0 1.0 0.0 0.0 0.0 8.0 1.0 1.0 3.0 9.0 1.0 0.0 0.0 0.0 100000.0 100000.0 0.0 0.0 0.0 0.0 52.0 4.0 2.0 8.0 0.0 0.0 0.0 0.0 0.0 0.0 0.0 0.0 1.0 9.0 21.0
-1.5423546779668467 0.0 1.0 1.0 1.0 0.0 2.0 0.0 6.0 5.0 9.0 3.0 16.0 0.0 4.0 170.0 56.0 0.0 0.0 0.0 0.0 0.0 4.0 4.0 0.0 0.0 1.0 0.0 0.0 1.0 0.0 0.0 0.0 1.0 4.0 8.0
2.411195879312222 0.0 1.0 0.0 0.0 0.0 2.0 1.0 6.0 3.0 9.0 3.0 1.0 0.0 20.0 6.0 3.0 9.0 10.0 11.0 0.0 0.0 4.0 4.0 70.0 1.0 1.0 0.0 0.0 0.0 0.0 0.0 0.0 1.0 4.0 8.0
1.633884486127818 0.0 1.0 0.0 0.0 0.0 1.0 0.0 6.0 11.0 9.0 3.0 2.0 0.0 70.0 6.0 2.0 16.0 11.0 0.0 0.0 0.0 5.0 5.0 4.0 1.0 1.0 0.0 0.0 0.0 0.0 0.0 0.0 1.0 4.0 8.0
0.5830114182368513 0.0 1.0 0.0 0.0 0.0 1.0 0.0 6.0 11.0 9.0 3.0 2.0 0.0 26.0 0.0 3.0 16.0 0.0 1.0 1000.0 0.0 5.0 5.0 7.0 1.0 1.0 0.0 0.0 0.0 0.0 0.0 0.0 1.0 4.0 8.0
1.3065328023891198 0.0 1.0 0.0 0.0 0.0 1.0 0.0 6.0 11.0 9.0 3.0 2.0 0.0 8.0 1.0 0.0 6.0 2.0 0.0 1000.0 0.0 4.0 4.0 8.0 1.0 1.0 0.0 0.0 0.0 0.0 0.0 0.0 1.0 4.0 8.0
3.8778496702119165 2.0 1.0 1.0 1.0 0.0 0.0 0.0 7.0 1.0 9.0 2.0 1.0 0.0 10.0 1.0 43.0 2.0 7.0 10.0 1000.0 47.0 7.0 5.0 0.0 0.0 1.0 0.0 0.0 0.0 0.0 0.0 0.0 1.0 18.0 18.0
2.4841725452974672 2.0 1.0 1.0 1.0 0.0 0.0 0.0 7.0 1.0 9.0 3.0 1.0 0.0 4.0 179.0 56.0 0.0 4.0 4.0 0.0 49.0 5.0 3.0 1.0 0.0 1.0 0.0 0.0 0.0 0.0 1.0 0.0 1.0 18.0 18.0
2.584776161290583 2.0 1.0 1.0 1.0 0.0 0.0 0.0 7.0 1.0 9.0 2.0 1.0 0.0 1.0 24.0 100000.0 1.0 1.0 1.0 0.0 48.0 6.0 4.0 2.0 0.0 1.0 0.0 0.0 0.0 0.0 0.0 0.0 1.0 18.0 18.0
-4.437027245644745 2.0 1.0 0.0 0.0 0.0 6.0 0.0 7.0 5.0 7.0 1.0 -1000.0 0.0 1.0 218.0 100000.0 0.0 0.0 0.0 0.0 48.0 4.0 2.0 6.0 0.0 0.0 0.0 0.0 0.0 0.0 1.0 0.0 0.0 18.0 18.0
-5.389887405406264 2.0 1.0 0.0 0.0 0.0 6.0 0.0 7.0 5.0 7.0 1.0 -1000.0 0.0 0.0 100000.0 100000.0 0.0 0.0 0.0 0.0 45.0 7.0 5.0 12.0 0.0 0.0 0.0 0.0 0.0 0.0 1.0 0.0 0.0 18.0 18.0
0.3730532556269659 3.0 1.0 0.0 0.0 0.0 0.0 1.0 7.0 0.0 9.0 2.0 1.0 0.0 0.0 100000.0 100000.0 0.0 0.0 0.0 0.0 55.0 8.0 5.0 0.0 0.0 0.0 0.0 0.0 0.0 0.0 1.0 0.0 1.0 3.0 18.0
-2.7385794824988743 3.0 1.0 0.0 0.0 0.0 2.0 1.0 7.0 18.0 1.0 1.0 -1000.0 0.0 5.0 11.0 46.0 1.0 1.0 0.0 500.0 15.0 10.0 7.0 2.0 0.0 1.0 0.0 0.0 0.0 0.0 0.0 0.0 0.0 3.0 18.0
-2.266067292868648 3.0 1.0 0.0 0.0 0.0 0.0 1.0 7.0 0.0 7.0 1.0 -1000.0 0.0 0.0 100000.0 100000.0 0.0 0.0 0.0 0.0 11.0 16.0 13.0 1.0 0.0 0.0 0.0 0.0 0.0 0.0 1.0 0.0 0.0 3.0 18.0
4.798236192421716 0.0 1.0 1.0 1.0 0.0 0.0 1.0 7.0 11.0 9.0 2.0 1.0 0.0 15.0 4.0 58.0 2.0 15.0 12.0 0.0 0.0 7.0 7.0 1.0 0.0 1.0 0.0 0.0 0.0 0.0 0.0 0.0 1.0 3.0 4.0
3.5145736350176295 0.0 1.0 1.0 1.0 0.0 0.0 1.0 7.0 11.0 9.0 2.0 1.0 0.0 18.0 56.0 15.0 1.0 18.0 17.0 0.0 0.0 4.0 4.0 0.0 0.0 1.0 0.0 0.0 0.0 0.0 0.0 0.0 1.0 3.0 4.0
2.816809280945039 0.0 1.0 1.0 1.0 0.0 0.0 1.0 7.0 11.0 9.0 2.0 1.0 0.0 5.0 63.0 36.0 0.0 5.0 5.0 0.0 0.0 4.0 4.0 2.0 0.0 1.0 0.0 0.0 0.0 0.0 0.0 0.0 1.0 3.0 4.0
2.1615769653545542 0.0 1.0 1.0 1.0 0.0 0.0 1.0 7.0 11.0 9.0 2.0 1.0 0.0 1.0 100000.0 173.0 0.0 1.0 1.0 0.0 0.0 4.0 4.0 4.0 0.0 1.0 0.0 0.0 0.0 0.0 0.0 0.0 1.0 3.0 4.0
0.42020287014807545 0.0 1.0 1.0 1.0 0.0 0.0 1.0 7.0 11.0 9.0 2.0 1.0 0.0 1.0 63.0 100000.0 0.0 1.0 0.0 0.0 0.0 4.0 4.0 3.0 0.0 1.0 0.0 0.0 0.0 0.0 0.0 0.0 1.0 3.0 4.0
1.8675608436538933 1.0 1.0 1.0 1.0 0.0 6.0 0.0 1.0 16.0 9.0 2.0 1.0 0.0 4.0 18.0 30.0 2.0 0.0 0.0 0.0 43.0 2.0 1.0 0.0 0.0 0.0 0.0 0.0 1.0 0.0 0.0 0.0 1.0 24.0 1.0
-5.325972552102349 1.0 1.0 1.0 1.0 0.0 6.0 0.0 1.0 0.0 9.0 1.0 1.0 0.0 0.0 100000.0 100000.0 0.0 0.0 0.0 0.0 40.0 5.0 4.0 1.0 0.0 0.0 0.0 0.0 0.0 0.0 0.0 0.0 1.0 24.0 1.0
-6.117813818963118 1.0 1.0 1.0 1.0 0.0 6.0 0.0 1.0 0.0 9.0 1.0 1.0 0.0 0.0 100000.0 100000.0 0.0 0.0 0.0 0.0 38.0 7.0 6.0 2.0 0.0 0.0 0.0 0.0 0.0 0.0 0.0 0.0 1.0 24.0 1.0
-6.283586960935862 1.0 1.0 1.0 1.0 0.0 6.0 0.0 1.0 0.0 9.0 1.0 1.0 0.0 0.0 100000.0 100000.0 0.0 0.0 0.0 0.0 33.0 12.0 11.0 3.0 0.0 0.0 0.0 0.0 0.0 0.0 0.0 0.0 1.0 24.0 1.0
-0.40640000524329734 1.0 1.0 0.0 0.0 0.0 7.0 1.0 1.0 12.0 9.0 2.0 0.0 0.0 1.0 100000.0 27.0 1.0 0.0 0.0 0.0 40.0 5.0 4.0 4.0 0.0 0.0 0.0 0.0 0.0 0.0 0.0 1.0 1.0 24.0 1.0
3.5757300846762816 3.0 1.0 0.0 0.0 0.0 0.0 0.0 7.0 5.0 9.0 2.0 33.0 0.0 3.0 9.0 211.0 2.0 2.0 3.0 0.0 60.0 3.0 0.0 0.0 0.0 0.0 0.0 0.0 0.0 0.0 1.0 0.0 1.0 3.0 4.0
3.0258499260592626 0.0 1.0 1.0 1.0 0.0 0.0 1.0 7.0 11.0 9.0 2.0 1.0 0.0 1.0 100000.0 1.0 1.0 1.0 1.0 1000.0 0.0 7.0 7.0 4.0 0.0 1.0 0.0 0.0 0.0 0.0 0.0 0.0 1.0 3.0 4.0
2.817980040452443 0.0 1.0 1.0 1.0 0.0 0.0 1.0 7.0 11.0 9.0 2.0 1.0 0.0 1.0 3.0 100000.0 1.0 1.0 1.0 1000.0 0.0 7.0 7.0 5.0 0.0 1.0 0.0 0.0 0.0 0.0 0.0 0.0 1.0 3.0 4.0
2.4789158408457643 0.0 1.0 1.0 1.0 0.0 0.0 1.0 7.0 11.0 9.0 2.0 1.0 0.0 1.0 4.0 100000.0 1.0 1.0 1.0 0.0 0.0 4.0 4.0 1.0 0.0 1.0 0.0 0.0 0.0 0.0 0.0 0.0 1.0 3.0 4.0
2.5213283584708357 0.0 1.0 1.0 1.0 0.0 0.0 1.0 7.0 11.0 9.0 2.0 1.0 0.0 1.0 100000.0 9.0 1.0 1.0 1.0 0.0 0.0 6.0 6.0 3.0 0.0 1.0 0.0 0.0 0.0 0.0 0.0 0.0 1.0 3.0 4.0
2.2985208929913292 0.0 1.0 1.0 1.0 0.0 0.0 1.0 7.0 11.0 9.0 2.0 1.0 0.0 1.0 100000.0 10.0 1.0 1.0 1.0 0.0 0.0 11.0 11.0 7.0 0.0 1.0 0.0 0.0 0.0 0.0 0.0 0.0 1.0 3.0 4.0
3.174134809775661 2.0 1.0 1.0 1.0 0.0 6.0 0.0 5.0 12.0 9.0 1.0 1.0 0.0 1.0 100000.0 158.0 0.0 0.0 1.0 500.0 44.0 10.0 8.0 0.0 0.0 0.0 0.0 0.0 0.0 0.0 0.0 0.0 1.0 25.0 3.0
-1.8366809427362858 2.0 1.0 1.0 1.0 0.0 6.0 1.0 5.0 16.0 9.0 1.0 1.0 0.0 0.0 100000.0 100000.0 0.0 0.0 0.0 0.0 48.0 6.0 4.0 1.0 0.0 0.0 0.0 0.0 0.0 0.0 0.0 0.0 1.0 25.0 3.0
-4.771744843342575 2.0 1.0 0.0 0.0 0.0 0.0 0.0 5.0 12.0 5.0 1.0 -1000.0 0.0 16.0 100000.0 42.0 0.0 0.0 0.0 0.0 50.0 4.0 2.0 2.0 0.0 0.0 0.0 0.0 0.0 1.0 0.0 0.0 0.0 25.0 3.0
-1.971602473215093 2.0 1.0 1.0 1.0 0.0 6.0 0.0 5.0 12.0 9.0 1.0 1.0 0.0 0.0 100000.0 100000.0 0.0 0.0 0.0 0.0 11.0 13.0 11.0 3.0 0.0 0.0 0.0 0.0 0.0 0.0 0.0 0.0 1.0 25.0 3.0
-1.4830216730223509 2.0 1.0 0.0 0.0 0.0 0.0 0.0 5.0 12.0 5.0 1.0 -1000.0 0.0 1.0 100000.0 166.0 0.0 1.0 1.0 0.0 13.0 5.0 3.0 7.0 0.0 0.0 0.0 0.0 0.0 1.0 0.0 0.0 0.0 25.0 3.0
1.5311232735708022 3.0 1.0 1.0 1.0 0.0 6.0 0.0 5.0 3.0 9.0 2.0 1.0 0.0 3.0 100000.0 48.0 0.0 0.0 0.0 0.0 60.0 3.0 0.0 0.0 0.0 0.0 0.0 1.0 0.0 0.0 0.0 0.0 1.0 3.0 10.0
4.400415712742239 1.0 1.0 0.0 0.0 0.0 1.0 0.0 6.0 11.0 9.0 3.0 2.0 0.0 15.0 0.0 7.0 9.0 7.0 2.0 1000.0 42.0 3.0 2.0 0.0 1.0 1.0 0.0 0.0 0.0 0.0 0.0 0.0 1.0 4.0 2.0
-1.0376440141721246 1.0 1.0 0.0 0.0 0.0 6.0 1.0 6.0 3.0 9.0 2.0 0.0 0.0 0.0 100000.0 100000.0 0.0 0.0 0.0 1000.0 40.0 3.0 2.0 1.0 0.0 0.0 0.0 1.0 0.0 0.0 0.0 0.0 1.0 4.0 2.0
-2.7828167717699643 1.0 1.0 0.0 0.0 0.0 2.0 1.0 6.0 18.0 1.0 1.0 -1000.0 0.0 5.0 74.0 100000.0 0.0 0.0 0.0 1000.0 40.0 3.0 2.0 5.0 0.0 1.0 0.0 0.0 0.0 0.0 0.0 0.0 0.0 4.0 2.0
-3.857019460302186 1.0 1.0 0.0 0.0 0.0 7.0 1.0 6.0 4.0 9.0 2.0 0.0 0.0 0.0 100000.0 100000.0 0.0 0.0 0.0 0.0 39.0 4.0 3.0 2.0 0.0 0.0 0.0 0.0 0.0 0.0 0.0 1.0 1.0 4.0 2.0
-4.195624509688802 1.0 1.0 0.0 0.0 0.0 8.0 0.0 6.0 10.0 9.0 1.0 0.0 0.0 0.0 100000.0 100000.0 0.0 0.0 0.0 500.0 36.0 7.0 6.0 9.0 0.0 0.0 0.0 0.0 0.0 0.0 0.0 0.0 1.0 4.0 2.0
3.58622278171948 2.0 1.0 0.0 0.0 0.0 1.0 0.0 1.0 11.0 9.0 4.0 2.0 0.0 10.0 1.0 7.0 2.0 0.0 4.0 1000.0 50.0 4.0 2.0 0.0 1.0 1.0 0.0 1.0 0.0 0.0 0.0 0.0 1.0 18.0 2.0
-1.961739652411217 2.0 1.0 0.0 0.0 0.0 2.0 1.0 1.0 3.0 9.0 3.0 0.0 0.0 1.0 119.0 100000.0 0.0 0.0 0.0 500.0 45.0 7.0 5.0 1.0 0.0 1.0 0.0 0.0 1.0 0.0 0.0 0.0 1.0 18.0 2.0
-3.1698753202539516 2.0 1.0 0.0 0.0 0.0 8.0 1.0 1.0 3.0 9.0 1.0 0.0 0.0 0.0 100000.0 100000.0 0.0 0.0 0.0 1000.0 48.0 4.0 2.0 7.0 0.0 0.0 0.0 0.0 0.0 0.0 0.0 0.0 1.0 18.0 2.0
-5.263664701408189 2.0 1.0 0.0 0.0 0.0 8.0 1.0 1.0 3.0 9.0 2.0 0.0 0.0 0.0 100000.0 100000.0 0.0 0.0 0.0 500.0 45.0 7.0 5.0 12.0 0.0 0.0 0.0 0.0 1.0 0.0 0.0 0.0 1.0 18.0 2.0
-4.4536881024997355 2.0 1.0 0.0 0.0 0.0 8.0 1.0 1.0 12.0 9.0 1.0 0.0 0.0 0.0 100000.0 100000.0 0.0 0.0 0.0 500.0 46.0 8.0 6.0 10.0 0.0 0.0 0.0 0.0 0.0 0.0 0.0 0.0 1.0 18.0 2.0
2.621545894938099 3.0 1.0 1.0 1.0 0.0 6.0 1.0 2.0 16.0 9.0 2.0 1.0 0.0 5.0 100000.0 30.0 1.0 3.0 0.0 0.0 60.0 3.0 0.0 0.0 0.0 0.0 0.0 0.0 1.0 0.0 0.0 0.0 1.0 20.0 1.0
-3.3724899044159216 3.0 1.0 0.0 0.0 0.0 9.0 1.0 2.0 18.0 4.0 1.0 -1000.0 0.0 0.0 100000.0 100000.0 0.0 0.0 0.0 0.0 56.0 5.0 2.0 1.0 0.0 0.0 0.0 0.0 1.0 0.0 0.0 0.0 0.0 20.0 1.0
-3.811371878131881 3.0 1.0 0.0 0.0 0.0 2.0 1.0 2.0 18.0 1.0 1.0 -1000.0 0.0 1.0 100000.0 61.0 0.0 0.0 0.0 0.0 26.0 7.0 4.0 2.0 0.0 1.0 0.0 0.0 0.0 0.0 0.0 0.0 0.0 20.0 1.0
-4.1136047295395475 3.0 1.0 0.0 0.0 0.0 9.0 1.0 2.0 18.0 4.0 1.0 -1000.0 0.0 0.0 100000.0 100000.0 0.0 0.0 0.0 0.0 26.0 5.0 2.0 3.0 0.0 0.0 0.0 0.0 1.0 0.0 0.0 0.0 0.0 20.0 1.0
-5.906411282862712 3.0 1.0 0.0 0.0 0.0 8.0 1.0 2.0 3.0 9.0 1.0 0.0 0.0 0.0 100000.0 100000.0 0.0 0.0 0.0 0.0 22.0 9.0 6.0 6.0 0.0 0.0 0.0 0.0 0.0 0.0 0.0 0.0 1.0 20.0 1.0
1.33725078527179 1.0 1.0 1.0 1.0 0.0 2.0 1.0 2.0 3.0 9.0 3.0 6.0 0.0 10.0 10.0 29.0 3.0 2.0 0.0 0.0 40.0 5.0 4.0 0.0 0.0 1.0 0.0 0.0 1.0 0.0 0.0 0.0 1.0 36.0 18.0
1.1777974119181929 1.0 1.0 0.0 0.0 0.0 2.0 1.0 2.0 3.0 9.0 3.0 1.0 0.0 15.0 26.0 13.0 3.0 2.0 1.0 0.0 43.0 2.0 1.0 3.0 0.0 1.0 0.0 0.0 1.0 0.0 0.0 0.0 1.0 36.0 18.0
0.8531443364997021 1.0 1.0 0.0 0.0 0.0 2.0 1.0 2.0 3.0 9.0 3.0 1.0 0.0 14.0 1.0 23.0 5.0 1.0 0.0 1000.0 42.0 3.0 2.0 4.0 0.0 1.0 0.0 0.0 1.0 0.0 0.0 0.0 1.0 36.0 18.0
-2.249746431505091 1.0 1.0 0.0 0.0 0.0 2.0 1.0 2.0 18.0 1.0 1.0 -1000.0 0.0 2.0 100000.0 4.0 2.0 0.0 0.0 0.0 41.0 4.0 3.0 21.0 0.0 1.0 0.0 0.0 0.0 0.0 0.0 0.0 0.0 36.0 18.0
-3.5197104260939036 1.0 1.0 0.0 0.0 0.0 6.0 1.0 2.0 3.0 9.0 2.0 1.0 0.0 0.0 100000.0 100000.0 0.0 0.0 0.0 0.0 42.0 3.0 2.0 5.0 0.0 0.0 0.0 0.0 1.0 0.0 0.0 0.0 1.0 36.0 18.0
2.8460507959625296 2.0 1.0 1.0 1.0 0.0 0.0 0.0 5.0 12.0 9.0 3.0 1.0 0.0 18.0 100000.0 136.0 0.0 4.0 4.0 1000.0 49.0 5.0 3.0 0.0 0.0 0.0 0.0 1.0 0.0 1.0 0.0 0.0 1.0 3.0 3.0
0.6928558506299397 2.0 1.0 1.0 1.0 0.0 0.0 0.0 5.0 12.0 9.0 3.0 1.0 0.0 116.0 10.0 2.0 2.0 1.0 1.0 0.0 7.0 5.0 3.0 1.0 0.0 0.0 0.0 1.0 0.0 1.0 0.0 0.0 1.0 3.0 3.0
5.646251748117625 3.0 1.0 1.0 1.0 0.0 1.0 0.0 6.0 11.0 9.0 3.0 40.0 0.0 69.0 4.0 151.0 8.0 24.0 22.0 0.0 59.0 4.0 1.0 0.0 1.0 1.0 0.0 0.0 0.0 0.0 0.0 0.0 1.0 4.0 5.0
-4.32861274798448 3.0 1.0 0.0 0.0 0.0 6.0 1.0 6.0 3.0 3.0 1.0 -1000.0 0.0 0.0 100000.0 100000.0 0.0 0.0 0.0 0.0 57.0 4.0 1.0 1.0 0.0 0.0 0.0 1.0 0.0 0.0 0.0 0.0 0.0 4.0 5.0
-5.109605051357606 3.0 1.0 0.0 0.0 0.0 7.0 1.0 6.0 3.0 8.0 1.0 -1000.0 0.0 0.0 100000.0 100000.0 0.0 0.0 0.0 0.0 53.0 8.0 5.0 2.0 0.0 0.0 0.0 0.0 0.0 0.0 0.0 1.0 0.0 4.0 5.0
-4.307013050652054 3.0 1.0 0.0 0.0 0.0 6.0 0.0 6.0 0.0 9.0 1.0 1.0 0.0 0.0 100000.0 100000.0 0.0 0.0 0.0 0.0 21.0 12.0 9.0 3.0 0.0 0.0 0.0 0.0 0.0 0.0 0.0 0.0 1.0 4.0 5.0
-4.72376874276178 3.0 1.0 0.0 0.0 0.0 8.0 0.0 6.0 10.0 9.0 1.0 0.0 0.0 0.0 100000.0 100000.0 0.0 0.0 0.0 0.0 8.0 19.0 16.0 4.0 0.0 0.0 0.0 0.0 0.0 0.0 0.0 0.0 1.0 4.0 5.0
4.970494976498071 0.0 1.0 1.0 1.0 0.0 0.0 1.0 7.0 0.0 9.0 3.0 1.0 0.0 10.0 58.0 0.0 2.0 7.0 6.0 1000.0 0.0 6.0 6.0 3.0 0.0 1.0 0.0 0.0 0.0 0.0 1.0 0.0 1.0 3.0 18.0
3.5195455079163245 0.0 1.0 1.0 1.0 0.0 0.0 1.0 7.0 0.0 9.0 3.0 1.0 0.0 6.0 2.0 279.0 1.0 6.0 4.0 1000.0 0.0 9.0 9.0 4.0 0.0 1.0 0.0 0.0 0.0 0.0 1.0 0.0 1.0 3.0 18.0
3.947226834584953 0.0 1.0 1.0 1.0 0.0 0.0 1.0 7.0 0.0 9.0 3.0 1.0 0.0 21.0 0.0 0.0 3.0 4.0 2.0 1000.0 0.0 5.0 5.0 2.0 0.0 1.0 0.0 0.0 0.0 0.0 1.0 0.0 1.0 3.0 18.0
1.3761050873737972 0.0 1.0 1.0 1.0 0.0 0.0 0.0 7.0 10.0 9.0 2.0 1.0 0.0 5.0 131.0 288.0 0.0 0.0 0.0 500.0 0.0 14.0 14.0 0.0 0.0 0.0 0.0 0.0 0.0 0.0 1.0 0.0 1.0 3.0 18.0
0.7891855428476655 0.0 1.0 1.0 1.0 0.0 0.0 0.0 7.0 10.0 9.0 2.0 1.0 0.0 0.0 100000.0 100000.0 0.0 0.0 0.0 500.0 0.0 10.0 10.0 1.0 0.0 0.0 0.0 0.0 0.0 0.0 1.0 0.0 1.0 3.0 18.0
-3.006207070150971 1.0 1.0 1.0 1.0 0.0 2.0 0.0 2.0 0.0 9.0 3.0 19.0 0.0 3.0 341.0 35.0 0.0 0.0 0.0 0.0 29.0 16.0 15.0 0.0 1.0 1.0 0.0 0.0 0.0 0.0 0.0 0.0 1.0 32.0 1.0
3.777648203786044 1.0 1.0 0.0 0.0 0.0 6.0 1.0 2.0 16.0 9.0 2.0 1.0 0.0 169.0 7.0 3.0 5.0 13.0 13.0 0.0 42.0 3.0 2.0 2.0 0.0 0.0 0.0 0.0 1.0 0.0 0.0 0.0 1.0 32.0 1.0
-1.145015617532338 1.0 1.0 0.0 0.0 0.0 6.0 1.0 2.0 16.0 9.0 2.0 1.0 0.0 3.0 413.0 450.0 0.0 0.0 0.0 0.0 41.0 4.0 3.0 3.0 0.0 0.0 0.0 0.0 1.0 0.0 0.0 0.0 1.0 32.0 1.0
-5.399610756432507 1.0 1.0 0.0 0.0 0.0 2.0 0.0 2.0 0.0 8.0 2.0 -1000.0 0.0 1.0 270.0 100000.0 0.0 0.0 0.0 0.0 36.0 9.0 8.0 12.0 0.0 1.0 0.0 0.0 0.0 0.0 0.0 1.0 0.0 32.0 1.0
-3.636077560292769 1.0 1.0 0.0 0.0 0.0 6.0 1.0 2.0 16.0 9.0 1.0 1.0 0.0 0.0 100000.0 100000.0 0.0 0.0 0.0 0.0 41.0 4.0 3.0 4.0 0.0 0.0 0.0 0.0 0.0 0.0 0.0 0.0 1.0 32.0 1.0
4.453834430547536 3.0 1.0 0.0 0.0 0.0 1.0 0.0 1.0 11.0 9.0 5.0 2.0 0.0 106.0 1.0 4.0 7.0 5.0 32.0 1000.0 59.0 4.0 1.0 0.0 1.0 1.0 1.0 1.0 0.0 0.0 0.0 0.0 1.0 18.0 2.0
-8.624606566048616 3.0 1.0 0.0 0.0 0.0 3.0 0.0 1.0 0.0 2.0 1.0 -1000.0 0.0 0.0 100000.0 100000.0 0.0 0.0 0.0 125.0 16.0 47.0 44.0 1.0 0.0 0.0 1.0 0.0 0.0 0.0 0.0 0.0 0.0 18.0 2.0
-1.5767508164333255 3.0 1.0 0.0 0.0 0.0 2.0 0.0 1.0 0.0 8.0 2.0 -1000.0 0.0 1.0 100000.0 202.0 0.0 0.0 0.0 500.0 20.0 13.0 10.0 3.0 0.0 1.0 0.0 0.0 0.0 0.0 0.0 1.0 0.0 18.0 2.0
-4.722776639335066 3.0 1.0 0.0 0.0 0.0 2.0 0.0 1.0 0.0 9.0 3.0 1.0 0.0 4.0 100000.0 191.0 0.0 0.0 0.0 500.0 24.0 9.0 6.0 2.0 1.0 1.0 0.0 0.0 0.0 0.0 0.0 0.0 1.0 18.0 2.0
-6.325578901585526 3.0 1.0 0.0 0.0 0.0 3.0 0.0 1.0 0.0 2.0 1.0 -1000.0 0.0 0.0 100000.0 100000.0 0.0 0.0 0.0 500.0 26.0 7.0 4.0 4.0 0.0 0.0 1.0 0.0 0.0 0.0 0.0 0.0 0.0 18.0 2.0
3.202406579995256 0.0 1.0 0.0 0.0 0.0 2.0 1.0 2.0 18.0 1.0 1.0 -1000.0 0.0 17.0 5.0 45.0 1.0 2.0 17.0 0.0 0.0 4.0 4.0 206.0 0.0 1.0 0.0 0.0 0.0 0.0 0.0 0.0 0.0 17.0 18.0
1.4008747039549103 0.0 1.0 0.0 0.0 0.0 2.0 1.0 2.0 18.0 4.0 2.0 -1000.0 0.0 48.0 52.0 27.0 1.0 5.0 48.0 0.0 0.0 6.0 6.0 172.0 0.0 1.0 0.0 0.0 1.0 0.0 0.0 0.0 0.0 17.0 18.0
-0.7806400149442241 0.0 1.0 0.0 0.0 0.0 2.0 0.0 2.0 0.0 0.0 2.0 -1000.0 0.0 17.0 10.0 110.0 2.0 3.0 0.0 0.0 0.0 5.0 5.0 30.0 1.0 1.0 0.0 0.0 0.0 0.0 0.0 0.0 0.0 17.0 18.0
-0.5122702322233355 0.0 1.0 0.0 0.0 0.0 1.0 0.0 2.0 11.0 0.0 2.0 -1000.0 0.0 66.0 1.0 50.0 4.0 0.0 0.0 1000.0 0.0 5.0 5.0 2.0 1.0 1.0 0.0 0.0 0.0 0.0 0.0 0.0 0.0 17.0 18.0
-1.344900953083165 0.0 1.0 0.0 0.0 0.0 2.0 1.0 2.0 18.0 4.0 2.0 -1000.0 0.0 3.0 439.0 100000.0 0.0 1.0 0.0 1000.0 0.0 3.0 3.0 302.0 0.0 1.0 0.0 0.0 1.0 0.0 0.0 0.0 0.0 17.0 18.0
2.210583434662655 2.0 1.0 1.0 1.0 0.0 2.0 1.0 2.0 3.0 9.0 3.0 1.0 0.0 11.0 1.0 100000.0 4.0 7.0 0.0 1000.0 51.0 3.0 1.0 0.0 0.0 1.0 0.0 0.0 1.0 0.0 0.0 0.0 1.0 36.0 18.0
-3.2488393935197295 2.0 1.0 0.0 0.0 0.0 8.0 1.0 2.0 3.0 9.0 1.0 0.0 0.0 0.0 100000.0 100000.0 0.0 0.0 0.0 1000.0 49.0 3.0 1.0 3.0 0.0 0.0 0.0 0.0 0.0 0.0 0.0 0.0 1.0 36.0 18.0
-4.437808565497483 2.0 1.0 0.0 0.0 0.0 8.0 1.0 2.0 3.0 9.0 1.0 0.0 0.0 0.0 100000.0 100000.0 0.0 0.0 0.0 0.0 49.0 3.0 1.0 1.0 0.0 0.0 0.0 0.0 0.0 0.0 0.0 0.0 1.0 36.0 18.0
-5.005809052151991 2.0 1.0 0.0 0.0 0.0 8.0 1.0 2.0 3.0 9.0 1.0 0.0 0.0 0.0 100000.0 100000.0 0.0 0.0 0.0 0.0 49.0 3.0 1.0 2.0 0.0 0.0 0.0 0.0 0.0 0.0 0.0 0.0 1.0 36.0 18.0
-4.85552745410115 2.0 1.0 0.0 0.0 0.0 8.0 1.0 2.0 3.0 9.0 1.0 0.0 0.0 0.0 100000.0 100000.0 0.0 0.0 0.0 0.0 49.0 3.0 1.0 4.0 0.0 0.0 0.0 0.0 0.0 0.0 0.0 0.0 1.0 36.0 18.0
5.341271255621003 3.0 1.0 1.0 1.0 0.0 1.0 0.0 2.0 11.0 9.0 4.0 20.0 0.0 7.0 1.0 21.0 7.0 2.0 1.0 1000.0 56.0 7.0 4.0 0.0 1.0 1.0 0.0 1.0 0.0 0.0 0.0 0.0 1.0 21.0 18.0
-5.720410115752811 3.0 1.0 0.0 0.0 0.0 3.0 0.0 2.0 11.0 2.0 1.0 -1000.0 0.0 0.0 100000.0 100000.0 0.0 0.0 0.0 0.0 57.0 6.0 3.0 1.0 0.0 0.0 1.0 0.0 0.0 0.0 0.0 0.0 0.0 21.0 18.0
-2.658932510049305 3.0 1.0 0.0 0.0 0.0 7.0 0.0 2.0 0.0 8.0 1.0 -1000.0 0.0 0.0 100000.0 100000.0 0.0 0.0 0.0 666.0 17.0 16.0 13.0 3.0 0.0 0.0 0.0 0.0 0.0 0.0 0.0 1.0 0.0 21.0 18.0
-6.638254941973855 3.0 1.0 0.0 0.0 0.0 6.0 0.0 2.0 0.0 3.0 1.0 -1000.0 0.0 0.0 100000.0 100000.0 0.0 0.0 0.0 333.0 -4.0 37.0 34.0 2.0 0.0 0.0 0.0 1.0 0.0 0.0 0.0 0.0 0.0 21.0 18.0
-6.198468822980222 3.0 1.0 0.0 0.0 0.0 8.0 0.0 2.0 10.0 9.0 1.0 0.0 0.0 0.0 100000.0 100000.0 0.0 0.0 0.0 0.0 2.0 25.0 22.0 4.0 0.0 0.0 0.0 0.0 0.0 0.0 0.0 0.0 1.0 21.0 18.0
2.5601524349698623 0.0 1.0 1.0 1.0 0.0 6.0 0.0 5.0 3.0 9.0 2.0 1.0 0.0 2.0 100000.0 248.0 0.0 0.0 1.0 1000.0 0.0 5.0 5.0 0.0 0.0 0.0 0.0 1.0 0.0 0.0 0.0 0.0 1.0 18.0 5.0
-1.4958013621568762 0.0 1.0 1.0 1.0 0.0 6.0 0.0 5.0 3.0 9.0 2.0 1.0 0.0 0.0 100000.0 100000.0 0.0 0.0 0.0 0.0 0.0 3.0 3.0 1.0 0.0 0.0 0.0 1.0 0.0 0.0 0.0 0.0 1.0 18.0 5.0
-2.028832434290979 0.0 1.0 1.0 1.0 0.0 6.0 0.0 5.0 3.0 9.0 2.0 1.0 0.0 0.0 100000.0 100000.0 0.0 0.0 0.0 500.0 0.0 11.0 11.0 9.0 0.0 0.0 0.0 1.0 0.0 0.0 0.0 0.0 1.0 18.0 5.0
-2.4804553570390926 0.0 1.0 1.0 1.0 0.0 6.0 0.0 5.0 3.0 9.0 2.0 1.0 0.0 0.0 100000.0 100000.0 0.0 0.0 0.0 0.0 0.0 5.0 5.0 2.0 0.0 0.0 0.0 1.0 0.0 0.0 0.0 0.0 1.0 18.0 5.0
-1.4179844619501654 0.0 1.0 1.0 1.0 0.0 6.0 1.0 5.0 16.0 9.0 1.0 1.0 0.0 12.0 100000.0 22.0 10.0 0.0 2.0 0.0 0.0 4.0 4.0 13.0 0.0 0.0 0.0 0.0 0.0 0.0 0.0 0.0 1.0 18.0 5.0
2.54205656571287 2.0 1.0 0.0 0.0 0.0 2.0 0.0 3.0 3.0 9.0 4.0 1.0 0.0 10.0 1.0 7.0 7.0 1.0 1.0 1000.0 49.0 5.0 3.0 0.0 1.0 1.0 0.0 0.0 0.0 0.0 0.0 1.0 1.0 11.0 18.0
-4.375194186677399 2.0 1.0 0.0 0.0 0.0 8.0 0.0 3.0 3.0 9.0 1.0 0.0 0.0 0.0 100000.0 100000.0 0.0 0.0 0.0 0.0 50.0 7.0 5.0 1.0 0.0 0.0 0.0 0.0 0.0 0.0 0.0 0.0 1.0 11.0 18.0
-7.356360274977141 2.0 0.0 0.0 0.0 0.0 2.0 2.0 3.0 0.0 0.0 3.0 -1000.0 0.0 14.0 12.0 91.0 2.0 0.0 0.0 0.0 45.0 7.0 5.0 2.0 1.0 1.0 0.0 0.0 0.0 0.0 0.0 1.0 0.0 11.0 18.0
-7.682106522510811 2.0 0.0 0.0 0.0 0.0 7.0 2.0 3.0 0.0 8.0 1.0 -1000.0 0.0 0.0 100000.0 100000.0 0.0 0.0 0.0 500.0 41.0 11.0 9.0 6.0 0.0 0.0 0.0 0.0 0.0 0.0 0.0 1.0 0.0 11.0 18.0
-8.661943109816416 2.0 0.0 0.0 0.0 0.0 5.0 2.0 3.0 0.0 3.0 1.0 -1000.0 0.0 0.0 100000.0 100000.0 0.0 0.0 0.0 0.0 36.0 16.0 14.0 4.0 0.0 0.0 0.0 1.0 0.0 0.0 0.0 0.0 0.0 11.0 18.0
5.463882848461259 3.0 1.0 1.0 1.0 0.0 1.0 0.0 6.0 11.0 9.0 4.0 40.0 0.0 35.0 5.0 41.0 2.0 10.0 6.0 0.0 59.0 4.0 1.0 0.0 1.0 1.0 1.0 0.0 0.0 0.0 0.0 0.0 1.0 4.0 5.0
-3.098099604364587 3.0 1.0 0.0 0.0 0.0 3.0 0.0 6.0 11.0 2.0 2.0 -1000.0 0.0 2.0 276.0 93.0 0.0 0.0 0.0 0.0 58.0 5.0 2.0 1.0 0.0 0.0 1.0 1.0 0.0 0.0 0.0 0.0 0.0 4.0 5.0
-5.8574628735312375 3.0 1.0 0.0 0.0 0.0 5.0 0.0 6.0 0.0 3.0 1.0 -1000.0 0.0 0.0 100000.0 100000.0 0.0 0.0 0.0 0.0 46.0 17.0 14.0 3.0 0.0 0.0 0.0 1.0 0.0 0.0 0.0 0.0 0.0 4.0 5.0
-6.120514669571947 3.0 1.0 0.0 0.0 0.0 5.0 0.0 6.0 10.0 3.0 1.0 -1000.0 0.0 0.0 100000.0 100000.0 0.0 0.0 0.0 0.0 53.0 4.0 1.0 2.0 0.0 0.0 0.0 1.0 0.0 0.0 0.0 0.0 0.0 4.0 5.0
-5.972650318742932 3.0 1.0 0.0 0.0 0.0 3.0 0.0 6.0 0.0 2.0 1.0 -1000.0 0.0 0.0 100000.0 100000.0 0.0 0.0 0.0 0.0 16.0 17.0 14.0 4.0 0.0 0.0 1.0 0.0 0.0 0.0 0.0 0.0 0.0 4.0 5.0
-1.7847031437189405 0.0 1.0 1.0 1.0 0.0 2.0 0.0 6.0 5.0 9.0 3.0 16.0 0.0 1.0 176.0 100000.0 0.0 0.0 0.0 0.0 0.0 4.0 4.0 0.0 0.0 1.0 0.0 0.0 1.0 0.0 0.0 0.0 1.0 4.0 18.0
3.5757699064451836 0.0 1.0 0.0 0.0 0.0 2.0 0.0 6.0 0.0 9.0 3.0 1.0 0.0 14.0 105.0 0.0 2.0 5.0 14.0 1000.0 0.0 6.0 6.0 19.0 0.0 1.0 0.0 0.0 1.0 0.0 0.0 0.0 1.0 4.0 18.0
2.4146570818486595 0.0 1.0 0.0 0.0 0.0 2.0 1.0 6.0 18.0 1.0 1.0 -1000.0 0.0 20.0 15.0 14.0 3.0 2.0 11.0 0.0 0.0 4.0 4.0 242.0 0.0 1.0 0.0 0.0 0.0 0.0 0.0 0.0 0.0 4.0 18.0
1.1605780512373183 0.0 1.0 0.0 0.0 0.0 1.0 0.0 6.0 11.0 9.0 3.0 2.0 0.0 36.0 5.0 0.0 12.0 11.0 0.0 1000.0 0.0 4.0 4.0 7.0 1.0 1.0 0.0 0.0 0.0 0.0 0.0 0.0 1.0 4.0 18.0
0.9834820248016605 0.0 1.0 0.0 0.0 0.0 1.0 0.0 6.0 11.0 9.0 3.0 2.0 0.0 15.0 1.0 0.0 9.0 1.0 0.0 1000.0 0.0 4.0 4.0 11.0 1.0 1.0 0.0 0.0 0.0 0.0 0.0 0.0 1.0 4.0 18.0
4.092856811060176 1.0 1.0 0.0 0.0 0.0 1.0 0.0 1.0 11.0 9.0 3.0 2.0 0.0 5.0 20.0 3.0 5.0 2.0 4.0 0.0 37.0 8.0 7.0 0.0 1.0 1.0 0.0 0.0 0.0 0.0 0.0 0.0 1.0 8.0 2.0
-0.6864510901950793 1.0 1.0 0.0 0.0 0.0 6.0 0.0 1.0 16.0 9.0 2.0 1.0 0.0 17.0 27.0 100000.0 1.0 0.0 0.0 0.0 42.0 3.0 2.0 1.0 0.0 0.0 0.0 0.0 1.0 0.0 0.0 0.0 1.0 8.0 2.0
0.38335655939868674 1.0 1.0 0.0 0.0 0.0 2.0 0.0 1.0 11.0 0.0 3.0 -1000.0 0.0 8.0 3.0 2.0 2.0 1.0 0.0 1000.0 40.0 5.0 4.0 23.0 1.0 1.0 1.0 0.0 0.0 0.0 0.0 0.0 0.0 8.0 2.0
0.47223239280762513 1.0 1.0 0.0 0.0 0.0 2.0 0.0 1.0 11.0 0.0 3.0 -1000.0 0.0 14.0 3.0 100000.0 2.0 0.0 2.0 1000.0 40.0 5.0 4.0 20.0 1.0 1.0 0.0 0.0 0.0 0.0 0.0 1.0 0.0 8.0 2.0
-1.2879276114692488 1.0 1.0 0.0 0.0 0.0 6.0 0.0 1.0 16.0 9.0 2.0 1.0 0.0 1.0 260.0 100000.0 0.0 0.0 0.0 0.0 40.0 5.0 4.0 2.0 0.0 0.0 0.0 0.0 1.0 0.0 0.0 0.0 1.0 8.0 2.0
1.148745046081076 3.0 1.0 0.0 0.0 0.0 2.0 1.0 1.0 3.0 9.0 3.0 0.0 0.0 2.0 100000.0 5.0 2.0 0.0 2.0 0.0 56.0 7.0 4.0 0.0 0.0 1.0 0.0 0.0 0.0 0.0 0.0 1.0 1.0 9.0 3.0
-5.115779888179481 3.0 1.0 0.0 0.0 0.0 8.0 1.0 1.0 3.0 9.0 1.0 0.0 0.0 0.0 100000.0 100000.0 0.0 0.0 0.0 0.0 56.0 7.0 4.0 4.0 0.0 0.0 0.0 0.0 0.0 0.0 0.0 0.0 1.0 9.0 3.0
-5.115779888179481 3.0 1.0 0.0 0.0 0.0 8.0 1.0 1.0 3.0 9.0 1.0 0.0 0.0 0.0 100000.0 100000.0 0.0 0.0 0.0 0.0 56.0 7.0 4.0 5.0 0.0 0.0 0.0 0.0 0.0 0.0 0.0 0.0 1.0 9.0 3.0
-5.3478825930362355 3.0 1.0 0.0 0.0 0.0 7.0 1.0 1.0 10.0 8.0 1.0 -1000.0 0.0 0.0 100000.0 100000.0 0.0 0.0 0.0 0.0 51.0 8.0 5.0 2.0 0.0 0.0 0.0 0.0 0.0 0.0 0.0 1.0 0.0 9.0 3.0
-5.847417886727306 3.0 1.0 0.0 0.0 0.0 8.0 1.0 1.0 3.0 9.0 1.0 0.0 0.0 0.0 100000.0 100000.0 0.0 0.0 0.0 0.0 53.0 10.0 7.0 7.0 0.0 0.0 0.0 0.0 0.0 0.0 0.0 0.0 1.0 9.0 3.0
5.834446093546732 1.0 1.0 1.0 1.0 0.0 1.0 0.0 2.0 11.0 9.0 3.0 22.0 0.0 35.0 1.0 1.0 26.0 21.0 18.0 1000.0 41.0 4.0 3.0 0.0 1.0 1.0 0.0 0.0 0.0 0.0 0.0 0.0 1.0 18.0 5.0
3.1989078754974596 1.0 1.0 0.0 0.0 0.0 2.0 0.0 2.0 11.0 9.0 2.0 2.0 0.0 20.0 21.0 8.0 9.0 10.0 11.0 0.0 43.0 2.0 1.0 1.0 0.0 1.0 0.0 0.0 0.0 0.0 0.0 0.0 1.0 18.0 5.0
-0.8133429939420251 1.0 1.0 0.0 0.0 0.0 2.0 1.0 2.0 18.0 1.0 1.0 -1000.0 0.0 4.0 1.0 16.0 3.0 0.0 1.0 1000.0 39.0 6.0 5.0 68.0 0.0 1.0 0.0 0.0 0.0 0.0 0.0 0.0 0.0 18.0 5.0
-0.2878828915960123 1.0 1.0 0.0 0.0 0.0 6.0 1.0 2.0 16.0 9.0 2.0 1.0 0.0 2.0 19.0 100000.0 1.0 0.0 0.0 0.0 39.0 6.0 5.0 4.0 0.0 0.0 0.0 0.0 1.0 0.0 0.0 0.0 1.0 18.0 5.0
-1.35411072389092 1.0 1.0 0.0 0.0 0.0 2.0 0.0 2.0 0.0 9.0 4.0 1.0 0.0 7.0 20.0 100000.0 2.0 0.0 0.0 0.0 38.0 7.0 6.0 2.0 1.0 1.0 0.0 1.0 0.0 0.0 0.0 0.0 1.0 18.0 5.0
